date,net_revenue,website_visitors,active_customers,average_order_value,conversion_rate,refund_rate,day_of_week,month,quarter,is_weekend,avg_api_latency_ms,checkout_failure_rate,support_ticket_count,stockout_units,lost_sales_units,shipping_delay_rate,delivery_complaints,deployment_event_flag,inventory_shortage_flag,shipping_disruption_flag
2025-01-01,42766.54,11290,7843,85.54,0.0468,0.0371,2,1,1,0,213.54,0.0187,187,0,0,0.0561,25,0,0,0
2025-01-02,37827.5,12405,7735,81.28,0.0387,0.0502,3,1,1,0,202.22,0.0195,242,0,0,0.0522,23,0,0,0
2025-01-03,40901.77,12372,7683,82.02,0.0421,0.0545,4,1,1,0,202.88,0.0173,244,0,0,0.0516,28,0,0,0
2025-01-04,57191.25,14061,8650,90.22,0.0471,0.0298,5,1,1,1,212.47,0.0177,227,0,0,0.0556,26,0,0,0
2025-01-05,42830.24,12456,7845,81.88,0.0445,0.0329,6,1,1,1,204.01,0.0172,192,0,0,0.0465,23,0,0,0
2025-01-06,37750.27,9927,6268,92.07,0.0436,0.0444,0,1,1,0,207.37,0.0194,216,0,0,0.0514,27,0,0,0
2025-01-07,33946.74,10283,6938,84.35,0.0423,0.0439,1,1,1,0,210.96,0.0171,197,0,0,0.0519,23,0,0,0
2025-01-08,37360.95,11301,6744,81.33,0.0418,0.0802,2,1,1,0,204.59,0.0165,230,0,0,0.0494,24,0,0,0
2025-01-09,45923.16,12415,7876,85.1,0.0439,0.035,3,1,1,0,203.37,0.0185,190,0,0,0.0559,23,0,0,0
2025-01-10,48208.95,12800,8091,89.85,0.0422,0.0397,4,1,1,0,209.07,0.0194,200,0,0,0.0523,13,0,0,0
2025-01-11,53094.33,14206,8257,86.47,0.0429,0.0238,5,1,1,1,205.83,0.0196,207,0,0,0.0526,18,0,0,0
2025-01-12,45403.48,12832,8248,88.19,0.0432,0.0411,6,1,1,1,200.42,0.0182,224,0,0,0.0587,21,0,0,0
2025-01-13,36361.73,10058,6665,91.83,0.041,0.0525,0,1,1,0,211.34,0.018,222,0,0,0.0578,26,0,0,0
2025-01-14,40917.99,10229,6204,93.95,0.0446,0.0658,1,1,1,0,208.61,0.0181,247,0,0,0.0595,31,0,0,0
2025-01-15,48284.24,11381,7048,86.29,0.0517,0.0326,2,1,1,0,209.32,0.0175,204,0,0,0.0598,25,0,0,0
2025-01-16,36533.89,12517,7193,82.26,0.0377,0.0468,3,1,1,0,204.74,0.0193,189,0,0,0.0481,21,0,0,0
2025-01-17,47687.32,12664,7403,88.42,0.044,0.038,4,1,1,0,210.33,0.018,230,0,0,0.0526,27,0,0,0
2025-01-18,49373.81,14158,9161,90.59,0.0407,0.0427,5,1,1,1,200.72,0.0167,219,0,0,0.0425,26,0,0,0
2025-01-19,40756.53,12846,7797,79.97,0.0447,0.0406,6,1,1,1,199.6,0.0167,213,0,0,0.0573,32,0,0,0
2025-01-20,32182.47,10231,6159,83.1,0.0431,0.0681,0,1,1,0,209.01,0.0174,224,0,0,0.0584,31,0,0,0
2025-01-21,39938.6,10565,6754,84.04,0.0453,0.0361,1,1,1,0,199.13,0.0195,201,0,0,0.0476,31,0,0,0
2025-01-22,44506.34,11518,7005,86.86,0.0465,0.0369,2,1,1,0,208.04,0.0186,196,0,0,0.0496,18,0,0,0
2025-01-23,43481.21,12715,7828,83.81,0.0436,0.0447,3,1,1,0,207.07,0.0193,242,0,0,0.0546,30,0,0,0
2025-01-24,50529.24,12834,8340,91.89,0.0464,0.0368,4,1,1,0,204.67,0.0186,210,0,0,0.0565,28,0,0,0
2025-01-25,36856.76,14512,8599,79.17,0.036,0.0617,5,1,1,1,210.81,0.018,235,0,0,0.0553,21,0,0,0
2025-01-26,50883.67,13067,7743,79.31,0.0478,0.0279,6,1,1,1,205.72,0.0191,222,0,0,0.0624,24,0,0,0
2025-01-27,39998.86,10264,6438,86.16,0.0441,0.032,0,1,1,0,203.05,0.0183,216,0,0,0.0612,21,0,0,0
2025-01-28,41905.11,10433,6592,87.03,0.0462,0.0311,1,1,1,0,206.18,0.0207,222,0,0,0.0539,36,0,0,0
2025-01-29,36094.97,11723,7543,80.0,0.0393,0.0471,2,1,1,0,202.96,0.0185,226,0,0,0.0525,17,0,0,0
2025-01-30,40464.3,12804,7753,84.66,0.0405,0.0398,3,1,1,0,205.74,0.019,190,0,0,0.0592,21,0,0,0
2025-01-31,49233.92,13118,8567,85.79,0.0434,0.0451,4,1,1,0,205.74,0.0161,210,0,0,0.0567,19,0,0,0
2025-02-01,58741.48,15153,8945,85.84,0.0429,0.0302,5,2,1,1,204.76,0.0178,210,0,0,0.0577,25,0,0,0
2025-02-02,48246.42,13550,8962,88.84,0.0438,0.0301,6,2,1,1,205.74,0.0174,203,0,0,0.0531,19,0,0,0
2025-02-03,42115.83,10919,6512,84.36,0.0463,0.0399,0,2,1,0,213.64,0.0206,200,0,0,0.0435,27,0,0,0
2025-02-04,38518.7,10876,7127,96.13,0.0377,0.0405,1,2,1,0,208.69,0.0173,206,0,0,0.0496,27,0,0,0
2025-02-05,50563.99,12192,7546,90.69,0.0459,0.0358,2,2,1,0,214.73,0.0213,195,0,0,0.0485,23,0,0,0
2025-02-06,46784.09,13447,8986,83.56,0.043,0.0337,3,2,1,0,209.15,0.0193,196,0,0,0.0616,16,0,0,0
2025-02-07,48302.98,13789,8632,88.52,0.0424,0.042,4,2,1,0,214.9,0.0196,191,0,0,0.0578,29,0,0,0
2025-02-08,46963.4,15409,9097,88.68,0.0386,0.0426,5,2,1,1,202.98,0.0162,200,0,0,0.0506,21,0,0,0
2025-02-09,59906.98,13869,8270,94.68,0.0445,0.0325,6,2,1,1,208.12,0.018,241,0,0,0.0499,26,0,0,0
2025-02-10,33602.53,10785,6803,84.7,0.0358,0.0707,0,2,1,0,204.04,0.0179,244,0,0,0.0581,27,0,0,0
2025-02-11,42932.6,11081,7060,92.22,0.0449,0.0325,1,2,1,0,210.71,0.0186,203,0,0,0.0508,24,0,0,0
2025-02-12,42211.84,12365,7560,88.23,0.0385,0.0373,2,2,1,0,202.02,0.0175,215,0,0,0.0536,25,0,0,0
2025-02-13,54917.7,13494,8295,96.2,0.0432,0.0237,3,2,1,0,212.05,0.0162,202,0,0,0.0527,20,0,0,0
2025-02-14,53325.22,13822,8715,95.1,0.0426,0.0272,4,2,1,0,209.61,0.017,213,0,0,0.055,25,0,0,0
2025-02-15,57904.52,15266,9558,89.08,0.0465,0.0311,5,2,1,1,202.77,0.0178,233,0,0,0.0569,26,0,0,0
2025-02-16,51058.89,14116,8280,86.56,0.0425,0.0341,6,2,1,1,206.5,0.0178,208,0,0,0.0584,24,0,0,0
2025-02-17,34381.33,11101,6590,90.79,0.0409,0.0394,0,2,1,0,207.75,0.0184,203,0,0,0.0518,26,0,0,0
2025-02-18,37923.28,11300,6918,87.01,0.0415,0.0468,1,2,1,0,207.66,0.0198,200,0,0,0.0564,11,0,0,0
2025-02-19,54944.34,12331,8011,97.24,0.0468,0.0227,2,2,1,0,198.12,0.0183,194,0,0,0.049,33,0,0,0
2025-02-20,52394.89,13682,9015,88.43,0.0446,0.0426,3,2,1,0,198.49,0.0182,240,0,0,0.0722,22,0,0,0
2025-02-21,48172.69,13938,8864,85.77,0.0418,0.0337,4,2,1,0,204.43,0.0191,198,0,0,0.0539,19,0,0,0
2025-02-22,51795.01,15457,9681,85.47,0.0423,0.0288,5,2,1,1,207.36,0.0169,194,0,0,0.0501,32,0,0,0
2025-02-23,40132.99,14158,8945,81.33,0.0383,0.0452,6,2,1,1,207.29,0.0178,217,0,0,0.0565,26,0,0,0
2025-02-24,38982.52,11098,6662,91.06,0.0442,0.0406,0,2,1,0,212.48,0.0181,192,0,0,0.0566,20,0,0,0
2025-02-25,36002.54,11451,6989,83.49,0.0377,0.0393,1,2,1,0,202.76,0.0187,213,0,0,0.0625,17,0,0,0
2025-02-26,51873.55,12439,7368,94.04,0.0453,0.0601,2,2,1,0,207.73,0.017,234,0,0,0.0522,18,0,0,0
2025-02-27,43731.75,13531,7863,80.89,0.0434,0.0396,3,2,1,0,206.07,0.0185,219,0,0,0.052,26,0,0,0
2025-02-28,61232.95,14084,8880,88.7,0.0502,0.0401,4,2,1,0,206.59,0.0179,209,0,0,0.0576,24,0,0,0
2025-03-01,56044.24,15994,9742,94.33,0.0397,0.0343,5,3,1,1,213.19,0.0191,198,0,0,0.065,19,0,0,0
2025-03-02,44563.22,14471,9234,76.16,0.0427,0.0323,6,3,1,1,204.91,0.0194,199,0,0,0.0538,20,0,0,0
2025-03-03,49496.51,11567,7318,99.1,0.0484,0.0373,0,3,1,0,202.27,0.0192,225,0,0,0.0603,34,0,0,0
2025-03-04,44757.63,11890,7501,85.66,0.0466,0.0365,1,3,1,0,209.0,0.0165,214,0,0,0.0536,16,0,0,0
2025-03-05,45776.63,13399,8404,88.78,0.0409,0.0504,2,3,1,0,206.16,0.0153,209,0,0,0.0518,22,0,0,0
2025-03-06,54265.35,14462,9096,91.14,0.0437,0.0409,3,3,1,0,205.48,0.0182,235,0,0,0.0623,29,0,0,0
2025-03-07,51730.73,14677,9461,91.99,0.043,0.0318,4,3,1,0,211.81,0.0158,224,0,0,0.0553,28,0,0,0
2025-03-08,64547.34,16594,10034,89.51,0.0438,0.0337,5,3,1,1,204.43,0.0174,231,0,0,0.0611,27,0,0,0
2025-03-09,53589.22,14733,9421,93.49,0.0409,0.0296,6,3,1,1,198.59,0.0176,177,0,0,0.0484,19,0,0,0
2025-03-10,39939.44,11600,7350,90.85,0.0427,0.0566,0,3,1,0,208.73,0.0181,207,0,0,0.0519,26,0,0,0
2025-03-11,46578.01,11957,7224,97.68,0.0382,0.05,1,3,1,0,197.76,0.0165,210,0,0,0.0483,23,0,0,0
2025-03-12,53046.3,13356,8270,90.87,0.0434,0.0464,2,3,1,0,207.07,0.0193,228,0,0,0.0561,36,0,0,0
2025-03-13,61472.45,14346,8779,98.81,0.0444,0.0306,3,3,1,0,216.44,0.0173,220,0,0,0.0516,28,0,0,0
2025-03-14,58223.05,14646,8986,92.96,0.0423,0.0296,4,3,1,0,209.51,0.0187,212,0,0,0.0567,18,0,0,0
2025-03-15,46241.66,16412,9790,78.07,0.0382,0.0306,5,3,1,1,207.61,0.0177,176,0,0,0.0555,12,0,0,0
2025-03-16,70108.97,14966,9928,102.36,0.046,0.021,6,3,1,1,203.72,0.0174,175,0,0,0.0515,20,0,0,0
2025-03-17,43669.21,11607,7443,84.84,0.0441,0.0394,0,3,1,0,211.19,0.0181,206,0,0,0.0557,29,0,0,0
2025-03-18,25906.11,11697,7348,89.23,0.0288,0.1711,1,3,1,0,510.83,0.0995,333,0,0,0.0597,28,1,0,0
2025-03-19,26580.22,13043,8790,81.15,0.0302,0.1618,2,3,1,0,562.68,0.1239,353,0,0,0.063,14,0,0,0
2025-03-20,27830.67,14395,8903,86.84,0.0265,0.1121,3,3,1,0,564.89,0.1184,310,0,0,0.0553,17,1,0,0
2025-03-21,45242.01,14897,10350,84.21,0.0399,0.0287,4,3,1,0,207.94,0.0156,222,0,0,0.0633,26,0,0,0
2025-03-22,64146.35,16571,10299,91.44,0.0414,0.035,5,3,1,1,205.94,0.0179,232,0,0,0.0538,30,0,0,0
2025-03-23,54421.29,14933,9583,86.61,0.0467,0.037,6,3,1,1,209.07,0.0195,238,0,0,0.0647,19,0,0,0
2025-03-24,43282.0,11755,7222,96.68,0.0411,0.0481,0,3,1,0,206.77,0.0186,213,0,0,0.0618,24,0,0,0
2025-03-25,47786.38,12183,7688,90.41,0.0449,0.0384,1,3,1,0,205.47,0.0188,179,0,0,0.0509,22,0,0,0
2025-03-26,53508.37,13653,8835,93.15,0.0414,0.0405,2,3,1,0,212.31,0.0177,215,0,0,0.0506,24,0,0,0
2025-03-27,44357.15,14945,9279,76.1,0.0437,0.0364,3,3,1,0,211.13,0.0202,233,0,0,0.052,21,0,0,0
2025-03-28,56066.7,15109,9935,87.53,0.0426,0.0292,4,3,1,0,210.58,0.0189,215,0,0,0.0524,18,0,0,0
2025-03-29,66337.64,16916,10633,90.26,0.0456,0.0357,5,3,1,1,210.01,0.0166,234,0,0,0.0532,14,0,0,0
2025-03-30,56168.56,15119,9373,89.23,0.0414,0.0418,6,3,1,1,205.82,0.0196,217,0,0,0.0507,23,0,0,0
2025-03-31,41310.21,12068,7185,93.29,0.0383,0.0521,0,3,1,0,211.81,0.0191,221,0,0,0.0466,24,0,0,0
2025-04-01,37943.25,12661,8001,83.99,0.0389,0.0558,1,4,2,0,206.3,0.0168,185,0,0,0.0506,9,0,0,0
2025-04-02,47271.19,13590,8367,86.27,0.0414,0.0353,2,4,2,0,210.52,0.0197,228,0,0,0.0545,29,0,0,0
2025-04-03,50371.96,14914,8956,92.5,0.0393,0.0417,3,4,2,0,208.24,0.0196,218,0,0,0.0567,19,0,0,0
2025-04-04,43813.56,15431,9214,73.47,0.0442,0.0429,4,4,2,0,203.25,0.0166,245,0,0,0.0576,27,0,0,0
2025-04-05,54041.24,17008,11872,89.24,0.0416,0.0344,5,4,2,1,208.42,0.0175,195,0,0,0.0655,25,0,0,0
2025-04-06,66326.54,15458,9515,84.16,0.0501,0.0187,6,4,2,1,210.61,0.0188,205,0,0,0.0541,28,0,0,0
2025-04-07,36975.45,12077,6960,80.98,0.0378,0.0461,0,4,2,0,198.53,0.0209,214,0,0,0.045,31,0,0,0
2025-04-08,42971.9,12405,7545,87.85,0.0436,0.0446,1,4,2,0,207.15,0.0183,222,0,0,0.0551,23,0,0,0
2025-04-09,47473.27,13941,8532,92.75,0.0396,0.0414,2,4,2,0,204.83,0.018,228,0,0,0.0641,26,0,0,0
2025-04-10,40085.62,14700,9265,91.72,0.0355,0.0681,3,4,2,0,206.48,0.0207,260,89,98,0.0534,27,0,1,0
2025-04-11,38904.41,15228,9687,85.26,0.0374,0.0755,4,4,2,0,204.74,0.0166,266,106,112,0.0483,14,0,1,0
2025-04-12,39257.54,16692,10792,90.82,0.03,0.0755,5,4,2,1,206.7,0.0187,256,85,83,0.0536,22,0,1,0
2025-04-13,42648.79,15435,9365,90.77,0.0377,0.0599,6,4,2,1,207.9,0.0164,265,96,88,0.0554,26,0,1,0
2025-04-14,33960.24,11958,7466,85.52,0.0427,0.0444,0,4,2,0,200.52,0.0169,256,105,79,0.0621,25,0,1,0
2025-04-15,29244.45,12407,7286,82.19,0.0356,0.0833,1,4,2,0,205.95,0.0173,277,96,103,0.0482,32,0,1,0
2025-04-16,36974.3,13577,8269,82.51,0.0378,0.0633,2,4,2,0,207.1,0.018,267,112,92,0.0541,19,0,1,0
2025-04-17,41123.25,14998,8960,90.61,0.0401,0.0517,3,4,2,0,205.31,0.0191,248,80,87,0.0594,16,0,1,0
2025-04-18,42627.33,15135,9035,85.77,0.0365,0.0556,4,4,2,0,206.16,0.0181,273,95,113,0.0517,26,0,1,0
2025-04-19,38255.77,17262,11162,80.25,0.0353,0.0509,5,4,2,1,210.14,0.0176,256,111,109,0.0561,22,0,1,0
2025-04-20,28393.31,15337,9704,76.73,0.0302,0.0936,6,4,2,1,213.09,0.0192,291,105,86,0.0484,24,0,1,0
2025-04-21,49121.12,12563,8210,90.58,0.0449,0.0373,0,4,2,0,203.0,0.0179,206,0,0,0.0517,17,0,0,0
2025-04-22,42816.1,12693,7878,82.99,0.0427,0.0321,1,4,2,0,205.95,0.0171,220,0,0,0.0552,17,0,0,0
2025-04-23,43434.93,14164,9146,87.82,0.04,0.0437,2,4,2,0,204.58,0.0174,206,0,0,0.0582,27,0,0,0
2025-04-24,62874.5,15510,8823,92.82,0.0434,0.0459,3,4,2,0,207.94,0.0187,236,0,0,0.0595,26,0,0,0
2025-04-25,52009.89,15776,10116,78.8,0.0412,0.0349,4,4,2,0,215.11,0.0179,202,0,0,0.0493,19,0,0,0
2025-04-26,59801.26,17665,11198,85.75,0.0414,0.0365,5,4,2,1,204.21,0.0177,230,0,0,0.0522,28,0,0,0
2025-04-27,59412.12,15868,10123,85.06,0.0448,0.0425,6,4,2,1,208.55,0.0184,203,0,0,0.0555,22,0,0,0
2025-04-28,42560.92,12465,7849,88.09,0.039,0.0447,0,4,2,0,213.17,0.0191,234,0,0,0.0605,28,0,0,0
2025-04-29,55627.92,13017,7856,92.82,0.0461,0.0193,1,4,2,0,211.44,0.0182,240,0,0,0.0568,35,0,0,0
2025-04-30,39833.26,14027,8256,78.69,0.0388,0.0391,2,4,2,0,210.05,0.0168,223,0,0,0.0604,29,0,0,0
2025-05-01,52359.23,15308,9226,89.13,0.041,0.0436,3,5,2,0,203.96,0.0172,232,0,0,0.0586,19,0,0,0
2025-05-02,69578.55,15735,9944,91.67,0.0488,0.0443,4,5,2,0,212.28,0.0179,215,0,0,0.0589,25,0,0,0
2025-05-03,68355.43,17818,11275,84.97,0.0464,0.0324,5,5,2,1,206.04,0.0173,241,0,0,0.0594,25,0,0,0
2025-05-04,57829.71,15787,9302,85.24,0.0433,0.0258,6,5,2,1,212.99,0.0173,220,0,0,0.0558,24,0,0,0
2025-05-05,35003.13,12277,7290,88.3,0.0362,0.0808,0,5,2,0,204.21,0.0174,330,0,0,0.1203,116,0,0,1
2025-05-06,39012.44,12533,7553,87.9,0.0374,0.0973,1,5,2,0,214.43,0.0175,351,0,0,0.1138,105,0,0,1
2025-05-07,43007.17,13856,8460,89.2,0.0392,0.0853,2,5,2,0,206.05,0.0173,328,0,0,0.1209,132,0,0,1
2025-05-08,50423.19,15524,8920,89.09,0.0391,0.0821,3,5,2,0,210.99,0.0178,357,0,0,0.1188,121,0,0,1
2025-05-09,49642.04,15739,9110,80.6,0.0387,0.0578,4,5,2,0,206.49,0.0191,356,0,0,0.1211,125,0,0,1
2025-05-10,58425.92,17765,10582,91.45,0.0389,0.0549,5,5,2,1,206.33,0.0191,330,0,0,0.1086,115,0,0,1
2025-05-11,51464.67,15557,9650,92.42,0.0384,0.0741,6,5,2,1,209.79,0.0173,345,0,0,0.118,117,0,0,1
2025-05-12,35227.44,12452,7287,87.02,0.0347,0.1142,0,5,2,0,205.02,0.0183,344,0,0,0.1074,122,0,0,1
2025-05-13,36443.44,12910,7942,77.78,0.0375,0.0672,1,5,2,0,207.86,0.0183,359,0,0,0.1151,137,0,0,1
2025-05-14,48123.77,13966,9018,85.37,0.0417,0.0633,2,5,2,0,211.2,0.0178,317,0,0,0.1166,110,0,0,1
2025-05-15,51654.79,15741,9189,87.07,0.0389,0.0338,3,5,2,0,200.29,0.0191,217,0,0,0.0543,25,0,0,0
2025-05-16,48400.27,16225,9991,79.7,0.0424,0.0255,4,5,2,0,202.83,0.0179,205,0,0,0.0474,23,0,0,0
2025-05-17,59403.18,18139,11874,84.02,0.0405,0.0298,5,5,2,1,207.17,0.0171,214,0,0,0.0527,20,0,0,0
2025-05-18,53207.79,16294,9801,78.25,0.0433,0.0334,6,5,2,1,200.86,0.0169,233,0,0,0.06,24,0,0,0
2025-05-19,42263.43,12862,7786,89.34,0.0418,0.0355,0,5,2,0,210.08,0.0169,198,0,0,0.0538,31,0,0,0
2025-05-20,50526.02,13214,8668,86.91,0.0474,0.0426,1,5,2,0,207.01,0.0187,217,0,0,0.0644,24,0,0,0
2025-05-21,47653.85,14503,8761,76.95,0.0445,0.0271,2,5,2,0,207.02,0.0169,226,0,0,0.0597,30,0,0,0
2025-05-22,49659.58,16024,10375,87.93,0.0391,0.0273,3,5,2,0,204.68,0.0153,191,0,0,0.0539,19,0,0,0
2025-05-23,57977.23,16184,10275,85.69,0.045,0.0349,4,5,2,0,210.55,0.0169,231,0,0,0.0573,28,0,0,0
2025-05-24,58996.58,17962,11099,88.84,0.0407,0.0301,5,5,2,1,203.69,0.0158,215,0,0,0.0523,22,0,0,0
2025-05-25,55483.87,16281,10295,83.85,0.0413,0.032,6,5,2,1,209.81,0.0176,199,0,0,0.0523,23,0,0,0
2025-05-26,44380.12,12782,8152,81.59,0.0439,0.0298,0,5,2,0,204.57,0.0188,237,0,0,0.0577,20,0,0,0
2025-05-27,43339.19,13185,8373,81.76,0.0415,0.0311,1,5,2,0,210.67,0.0185,225,0,0,0.0564,31,0,0,0
2025-05-28,48667.65,14575,8928,83.04,0.0457,0.0358,2,5,2,0,206.19,0.018,222,0,0,0.0624,36,0,0,0
2025-05-29,52321.6,15932,9927,86.1,0.0407,0.0252,3,5,2,0,202.08,0.0176,204,0,0,0.0582,32,0,0,0
2025-05-30,54913.94,16582,10333,86.81,0.0411,0.0371,4,5,2,0,204.02,0.0191,199,0,0,0.0563,20,0,0,0
2025-05-31,60178.86,18145,11354,84.95,0.041,0.0335,5,5,2,1,203.2,0.0171,220,0,0,0.0565,19,0,0,0
2025-06-01,52593.2,16128,9494,83.67,0.0413,0.0425,6,6,2,1,205.77,0.0177,199,0,0,0.058,17,0,0,0
2025-06-02,44861.57,12739,8184,84.07,0.0463,0.0358,0,6,2,0,217.71,0.0189,231,0,0,0.054,25,0,0,0
2025-06-03,57353.53,13021,8097,99.79,0.0449,0.0497,1,6,2,0,203.12,0.0191,228,0,0,0.0507,24,0,0,0
2025-06-04,52104.6,14423,8374,81.76,0.0481,0.0302,2,6,2,0,208.06,0.0184,218,0,0,0.0715,27,0,0,0
2025-06-05,62575.07,15775,10312,82.93,0.0498,0.0251,3,6,2,0,206.24,0.0177,214,0,0,0.051,25,0,0,0
2025-06-06,62284.98,15893,10620,104.12,0.0399,0.0467,4,6,2,0,208.85,0.0195,241,0,0,0.058,28,0,0,0
2025-06-07,61319.04,17657,11530,88.32,0.0432,0.0151,5,6,2,1,214.41,0.0195,223,0,0,0.0547,25,0,0,0
2025-06-08,48844.56,15905,10321,78.41,0.0395,0.0332,6,6,2,1,206.63,0.0198,219,0,0,0.0595,22,0,0,0
2025-06-09,43525.8,12846,8067,90.63,0.0407,0.0417,0,6,2,0,201.36,0.0178,228,0,0,0.053,28,0,0,0
2025-06-10,43326.96,13189,7536,80.99,0.0411,0.0256,1,6,2,0,208.43,0.0162,210,0,0,0.0533,36,0,0,0
2025-06-11,46745.3,14721,8566,91.0,0.0398,0.0614,2,6,2,0,205.88,0.0185,215,0,0,0.0595,23,0,0,0
2025-06-12,49287.24,15869,9985,84.84,0.0398,0.0348,3,6,2,0,211.68,0.019,238,0,0,0.0513,30,0,0,0
2025-06-13,50871.53,16234,9931,83.58,0.0426,0.0342,4,6,2,0,206.03,0.0193,207,0,0,0.0578,19,0,0,0
2025-06-14,63378.89,18042,10776,94.85,0.0393,0.0359,5,6,2,1,208.63,0.0153,214,0,0,0.058,22,0,0,0
2025-06-15,62380.0,16241,9972,89.12,0.0455,0.0256,6,6,2,1,206.67,0.0174,201,0,0,0.0588,26,0,0,0
2025-06-16,44903.32,12938,8307,91.35,0.0402,0.0644,0,6,2,0,207.59,0.0182,219,0,0,0.0565,19,0,0,0
2025-06-17,54566.3,13197,7599,88.39,0.0514,0.0436,1,6,2,0,211.87,0.0157,209,0,0,0.0605,24,0,0,0
2025-06-18,57197.68,14810,9024,83.56,0.0416,0.0299,2,6,2,0,195.89,0.0177,187,0,0,0.0597,20,0,0,0
2025-06-19,51317.87,15796,10201,89.36,0.0432,0.0281,3,6,2,0,201.73,0.0179,198,0,0,0.049,22,0,0,0
2025-06-20,54921.71,16387,9710,92.65,0.0391,0.0301,4,6,2,0,202.69,0.0193,217,0,0,0.0551,29,0,0,0
2025-06-21,66995.71,18284,11887,86.74,0.0481,0.0258,5,6,2,1,210.29,0.0192,203,0,0,0.0612,24,0,0,0
2025-06-22,68433.16,16328,10027,95.91,0.0464,0.0281,6,6,2,1,211.32,0.0176,195,0,0,0.0494,22,0,0,0
2025-06-23,50159.3,13046,8269,90.68,0.0439,0.0374,0,6,2,0,203.5,0.0176,209,0,0,0.0623,16,0,0,0
2025-06-24,44366.87,13265,8682,87.17,0.039,0.0324,1,6,2,0,209.67,0.0174,207,0,0,0.0517,25,0,0,0
2025-06-25,55491.3,14567,9296,87.38,0.0436,0.0337,2,6,2,0,209.47,0.0185,207,0,0,0.0547,37,0,0,0
2025-06-26,48720.24,16353,10639,86.75,0.0396,0.0565,3,6,2,0,205.72,0.017,213,0,0,0.0567,28,0,0,0
2025-06-27,61314.1,16422,9460,79.12,0.0474,0.0215,4,6,2,0,204.73,0.0188,190,0,0,0.0633,20,0,0,0
2025-06-28,70281.98,18341,12015,85.5,0.0454,0.0314,5,6,2,1,204.93,0.0166,221,0,0,0.0547,25,0,0,0
2025-06-29,60855.2,16639,10020,87.22,0.0433,0.0365,6,6,2,1,211.48,0.0175,228,0,0,0.0522,21,0,0,0
2025-06-30,35001.53,13022,8120,83.71,0.0357,0.0613,0,6,2,0,202.72,0.0214,221,0,0,0.0501,19,0,0,0
2025-07-01,40409.72,12978,8013,87.86,0.04,0.0607,1,7,3,0,209.15,0.0182,216,0,0,0.0538,28,0,0,0
2025-07-02,51365.36,14094,8801,86.12,0.0451,0.0349,2,7,3,0,214.57,0.0206,201,0,0,0.0666,28,0,0,0
2025-07-03,64852.2,15663,9873,90.26,0.0466,0.0391,3,7,3,0,202.93,0.0168,247,0,0,0.0594,25,0,0,0
2025-07-04,62678.51,15995,9390,89.65,0.0463,0.0211,4,7,3,0,204.04,0.0162,191,0,0,0.05,19,0,0,0
2025-07-05,56432.49,17904,10522,86.92,0.0382,0.0489,5,7,3,1,207.41,0.017,210,0,0,0.0499,20,0,0,0
2025-07-06,50006.33,16008,10246,78.48,0.0439,0.0379,6,7,3,1,206.73,0.0178,201,0,0,0.0528,16,0,0,0
2025-07-07,54749.8,12598,7892,95.85,0.046,0.0486,0,7,3,0,205.89,0.0188,223,0,0,0.0553,18,0,0,0
2025-07-08,38507.13,13111,8556,85.22,0.038,0.055,1,7,3,0,215.87,0.018,196,0,0,0.055,21,0,0,0
2025-07-09,48370.4,14298,8808,85.56,0.043,0.0413,2,7,3,0,203.06,0.0186,223,0,0,0.0497,27,0,0,0
2025-07-10,54911.3,15803,9115,84.12,0.0438,0.038,3,7,3,0,197.85,0.0177,205,0,0,0.063,27,0,0,0
2025-07-11,52237.83,15891,10190,83.31,0.0421,0.0413,4,7,3,0,213.19,0.0178,231,0,0,0.0594,12,0,0,0
2025-07-12,61413.76,17745,10876,94.49,0.0374,0.0369,5,7,3,1,204.59,0.0182,227,0,0,0.0508,27,0,0,0
2025-07-13,61195.22,16033,10172,93.62,0.042,0.036,6,7,3,1,214.38,0.018,225,0,0,0.0508,23,0,0,0
2025-07-14,46975.65,12819,7831,88.44,0.042,0.0253,0,7,3,0,205.44,0.0177,194,0,0,0.053,20,0,0,0
2025-07-15,42934.3,13152,8727,85.41,0.0426,0.0319,1,7,3,0,206.22,0.0177,199,0,0,0.0635,17,0,0,0
2025-07-16,51636.56,14396,8694,89.41,0.0413,0.0438,2,7,3,0,206.86,0.02,233,0,0,0.057,26,0,0,0
2025-07-17,51383.8,15607,9516,86.41,0.0417,0.023,3,7,3,0,204.54,0.0168,214,0,0,0.0542,30,0,0,0
2025-07-18,56008.07,16458,10263,84.95,0.0429,0.0306,4,7,3,0,209.11,0.0187,232,0,0,0.0602,27,0,0,0
2025-07-19,60010.34,18133,10534,87.86,0.0443,0.025,5,7,3,1,210.72,0.0202,225,0,0,0.0581,24,0,0,0
2025-07-20,55353.26,15954,10038,83.57,0.0421,0.0329,6,7,3,1,201.62,0.0196,216,0,0,0.0497,28,0,0,0
2025-07-21,39943.76,12721,8466,87.39,0.0418,0.0437,0,7,3,0,208.75,0.0183,207,0,0,0.0598,22,0,0,0
2025-07-22,33624.5,13127,8132,83.27,0.0367,0.0868,1,7,3,0,311.17,0.0468,284,0,0,0.0547,35,1,0,0
2025-07-23,31629.44,14552,9360,85.47,0.0306,0.102,2,7,3,0,234.99,0.0303,274,0,0,0.0608,29,1,0,0
2025-07-24,54494.94,16089,8862,82.59,0.0444,0.0334,3,7,3,0,197.91,0.016,220,0,0,0.0457,23,0,0,0
2025-07-25,58268.86,16269,9885,89.91,0.043,0.0433,4,7,3,0,211.5,0.019,235,0,0,0.0534,23,0,0,0
2025-07-26,58270.49,17910,11068,81.02,0.0431,0.0257,5,7,3,1,210.93,0.0191,206,0,0,0.0549,21,0,0,0
2025-07-27,60605.77,16497,9758,82.85,0.0459,0.0286,6,7,3,1,208.75,0.0177,227,0,0,0.0502,31,0,0,0
2025-07-28,33010.03,12794,8204,83.09,0.0371,0.0482,0,7,3,0,208.09,0.0186,203,0,0,0.0529,19,0,0,0
2025-07-29,35349.82,13433,8423,80.1,0.0371,0.0469,1,7,3,0,211.35,0.0186,219,0,0,0.0612,25,0,0,0
2025-07-30,53903.61,14753,9209,91.59,0.0438,0.0337,2,7,3,0,210.18,0.0184,201,0,0,0.055,29,0,0,0
2025-07-31,54447.62,16403,10124,80.67,0.043,0.0313,3,7,3,0,209.43,0.0186,232,0,0,0.0497,18,0,0,0
2025-08-01,54246.61,15857,8892,82.16,0.0435,0.0294,4,8,3,0,207.92,0.018,208,0,0,0.0536,21,0,0,0
2025-08-02,62403.71,17670,10513,92.9,0.0416,0.0437,5,8,3,1,214.29,0.018,238,0,0,0.0588,32,0,0,0
2025-08-03,55559.34,15738,10081,82.86,0.045,0.0306,6,8,3,1,207.54,0.0167,216,0,0,0.0541,28,0,0,0
2025-08-04,46020.66,12525,7166,84.97,0.0458,0.0381,0,8,3,0,209.72,0.018,228,0,0,0.0634,24,0,0,0
2025-08-05,44340.18,12745,7668,80.43,0.0445,0.0287,1,8,3,0,210.69,0.0171,212,0,0,0.0601,23,0,0,0
2025-08-06,54823.43,14173,8518,90.58,0.0422,0.032,2,8,3,0,210.32,0.0177,210,0,0,0.0628,24,0,0,0
2025-08-07,49121.59,15581,10365,90.66,0.0367,0.0306,3,8,3,0,208.88,0.0187,204,0,0,0.0556,22,0,0,0
2025-08-08,65736.21,16004,10210,90.06,0.0453,0.0352,4,8,3,0,210.21,0.0188,188,0,0,0.0496,19,0,0,0
2025-08-09,71861.83,17718,10596,88.96,0.0467,0.0249,5,8,3,1,211.03,0.0173,213,0,0,0.0592,26,0,0,0
2025-08-10,55102.91,16045,10358,86.4,0.0449,0.0399,6,8,3,1,206.34,0.0171,242,0,0,0.049,22,0,0,0
2025-08-11,36810.08,12647,7513,83.12,0.0404,0.0337,0,8,3,0,205.57,0.0167,197,0,0,0.052,25,0,0,0
2025-08-12,37874.02,12814,8180,81.52,0.0411,0.0347,1,8,3,0,209.99,0.018,251,47,55,0.0637,19,0,1,0
2025-08-13,49423.54,14202,8275,93.09,0.0417,0.0586,2,8,3,0,204.97,0.019,254,69,92,0.0529,19,0,1,0
2025-08-14,52797.11,15529,10037,90.21,0.0438,0.0187,3,8,3,0,212.47,0.0189,256,72,76,0.0506,27,0,1,0
2025-08-15,41069.6,15933,9881,82.19,0.0365,0.0515,4,8,3,0,209.39,0.0181,235,75,46,0.0553,23,0,1,0
2025-08-16,50212.44,17576,10327,86.22,0.0384,0.0419,5,8,3,1,202.44,0.0189,272,56,51,0.0506,16,0,1,0
2025-08-17,43521.87,15827,9750,84.35,0.0413,0.0441,6,8,3,1,210.6,0.0199,252,52,88,0.0531,29,0,1,0
2025-08-18,33504.76,12628,7988,79.79,0.0393,0.0529,0,8,3,0,208.88,0.0167,247,57,59,0.0566,18,0,1,0
2025-08-19,43986.01,13303,8123,86.98,0.0396,0.051,1,8,3,0,212.78,0.0196,213,0,0,0.0525,15,0,0,0
2025-08-20,55208.18,14484,9164,83.71,0.0442,0.0303,2,8,3,0,207.28,0.0186,218,0,0,0.0581,25,0,0,0
2025-08-21,56386.21,15785,9633,80.76,0.0447,0.0372,3,8,3,0,215.37,0.018,235,0,0,0.0547,26,0,0,0
2025-08-22,49865.63,16205,10386,77.86,0.0433,0.0474,4,8,3,0,208.16,0.018,221,0,0,0.0481,22,0,0,0
2025-08-23,54242.04,17787,11304,77.4,0.0437,0.0218,5,8,3,1,205.27,0.015,188,0,0,0.0592,18,0,0,0
2025-08-24,54053.16,15995,9825,83.96,0.0422,0.0288,6,8,3,1,213.5,0.0198,197,0,0,0.0618,27,0,0,0
2025-08-25,50847.77,12800,7819,85.53,0.0474,0.0364,0,8,3,0,207.2,0.0186,203,0,0,0.0532,19,0,0,0
2025-08-26,38672.95,13144,8167,81.19,0.0403,0.0376,1,8,3,0,210.22,0.0187,228,0,0,0.0526,35,0,0,0
2025-08-27,50583.03,14737,9232,89.58,0.0412,0.0409,2,8,3,0,202.96,0.0174,217,0,0,0.0543,16,0,0,0
2025-08-28,52564.22,15830,10403,85.64,0.043,0.0379,3,8,3,0,203.57,0.02,233,0,0,0.0528,30,0,0,0
2025-08-29,58265.93,16159,10278,89.17,0.0456,0.0353,4,8,3,0,209.65,0.017,221,0,0,0.0532,29,0,0,0
2025-08-30,56306.4,18286,11876,84.99,0.0385,0.0188,5,8,3,1,207.97,0.0186,211,0,0,0.0542,26,0,0,0
2025-08-31,49796.96,16463,11481,81.67,0.0391,0.0488,6,8,3,1,210.19,0.0188,223,0,0,0.0569,29,0,0,0
2025-09-01,35711.86,12524,7834,86.63,0.0369,0.0598,0,9,3,0,211.75,0.018,209,0,0,0.0649,28,0,0,0
2025-09-02,35526.8,12911,8085,79.06,0.0431,0.0577,1,9,3,0,211.85,0.0162,213,0,0,0.0493,20,0,0,0
2025-09-03,45920.41,14124,8973,88.97,0.0396,0.0378,2,9,3,0,206.91,0.0197,205,0,0,0.0554,24,0,0,0
2025-09-04,52411.07,15456,9073,80.85,0.0418,0.0284,3,9,3,0,204.98,0.0184,194,0,0,0.0523,15,0,0,0
2025-09-05,60931.53,15919,9844,91.05,0.045,0.0361,4,9,3,0,214.56,0.0194,202,0,0,0.0604,15,0,0,0
2025-09-06,56825.21,17858,10808,84.14,0.0411,0.0378,5,9,3,1,210.6,0.0181,220,0,0,0.0594,20,0,0,0
2025-09-07,64032.3,16004,10201,91.84,0.0437,0.0292,6,9,3,1,210.1,0.0186,223,0,0,0.0557,21,0,0,0
2025-09-08,38084.11,12540,7649,79.83,0.0421,0.0321,0,9,3,0,210.48,0.0184,201,0,0,0.0487,18,0,0,0
2025-09-09,41719.83,12725,7881,82.27,0.045,0.047,1,9,3,0,204.78,0.0175,221,0,0,0.06,26,0,0,0
2025-09-10,46160.01,14290,9196,88.1,0.0444,0.0406,2,9,3,0,200.01,0.0185,204,0,0,0.0589,17,0,0,0
2025-09-11,54260.52,15760,10275,92.44,0.0409,0.0512,3,9,3,0,204.81,0.0169,231,0,0,0.0534,24,0,0,0
2025-09-12,59993.28,15867,9762,95.17,0.0425,0.0226,4,9,3,0,201.87,0.0185,203,0,0,0.0576,25,0,0,0
2025-09-13,66827.2,18044,10882,86.23,0.0461,0.0287,5,9,3,1,206.66,0.0164,205,0,0,0.0617,25,0,0,0
2025-09-14,67125.77,16192,10546,96.11,0.0442,0.0381,6,9,3,1,209.99,0.0196,199,0,0,0.0573,21,0,0,0
2025-09-15,33367.6,12777,8125,84.41,0.0364,0.1,0,9,3,0,202.72,0.0158,303,0,0,0.0671,79,0,0,1
2025-09-16,50679.48,12989,7552,92.04,0.0426,0.0547,1,9,3,0,203.81,0.0177,259,0,0,0.0667,79,0,0,1
2025-09-17,39343.51,14341,8878,80.82,0.0373,0.0556,2,9,3,0,220.9,0.0198,329,0,0,0.0545,101,0,0,1
2025-09-18,60787.09,15759,9812,88.31,0.0448,0.052,3,9,3,0,205.39,0.0201,304,0,0,0.0675,84,0,0,1
2025-09-19,46470.8,16268,10720,73.12,0.0437,0.0425,4,9,3,0,206.58,0.0191,291,0,0,0.0589,86,0,0,1
2025-09-20,61618.04,18242,11598,79.83,0.0439,0.0188,5,9,3,1,206.4,0.0188,214,0,0,0.0548,21,0,0,0
2025-09-21,57314.35,16410,10208,88.57,0.0435,0.0274,6,9,3,1,207.79,0.0193,199,0,0,0.0504,22,0,0,0
2025-09-22,40116.25,12849,8095,78.78,0.0424,0.043,0,9,3,0,215.54,0.0193,246,0,0,0.0561,28,0,0,0
2025-09-23,46658.06,13032,7868,88.35,0.045,0.0403,1,9,3,0,215.18,0.0174,237,0,0,0.0444,22,0,0,0
2025-09-24,52983.62,14787,8961,90.99,0.0419,0.0238,2,9,3,0,217.53,0.0197,212,0,0,0.0587,24,0,0,0
2025-09-25,56038.03,15836,9636,83.24,0.0437,0.0255,3,9,3,0,205.97,0.0178,183,0,0,0.0493,19,0,0,0
2025-09-26,54713.98,16199,10090,80.67,0.0456,0.0289,4,9,3,0,199.78,0.0181,216,0,0,0.0537,24,0,0,0
2025-09-27,60526.63,18408,11313,83.39,0.0413,0.0346,5,9,3,1,199.81,0.019,208,0,0,0.0515,28,0,0,0
2025-09-28,51566.55,16310,9280,80.69,0.0412,0.02,6,9,3,1,208.7,0.0187,217,0,0,0.0594,23,0,0,0
2025-09-29,45743.58,13014,7813,85.44,0.0394,0.0378,0,9,3,0,202.55,0.0173,227,0,0,0.0527,28,0,0,0
2025-09-30,45639.31,13293,8269,86.56,0.0398,0.0299,1,9,3,0,210.84,0.0183,204,0,0,0.0504,23,0,0,0
2025-10-01,40306.91,14710,8878,84.32,0.0375,0.037,2,10,4,0,201.16,0.0186,216,0,0,0.0596,29,0,0,0
2025-10-02,63287.68,16064,9820,95.21,0.0452,0.0284,3,10,4,0,208.68,0.0189,212,0,0,0.0461,23,0,0,0
2025-10-03,58520.88,16346,10332,82.04,0.0484,0.0431,4,10,4,0,204.88,0.018,219,0,0,0.0481,26,0,0,0
2025-10-04,75335.86,18108,10825,93.65,0.0473,0.0279,5,10,4,1,208.7,0.0173,209,0,0,0.0477,25,0,0,0
2025-10-05,45395.46,16234,9392,80.27,0.0381,0.033,6,10,4,1,206.87,0.0177,190,0,0,0.0553,18,0,0,0
2025-10-06,50015.77,12979,7924,86.4,0.0452,0.0492,0,10,4,0,209.11,0.0178,213,0,0,0.0517,24,0,0,0
2025-10-07,51908.47,13091,8340,92.51,0.0473,0.0425,1,10,4,0,204.75,0.0172,224,0,0,0.0629,23,0,0,0
2025-10-08,23589.31,14277,9357,83.47,0.0266,0.1873,2,10,4,0,529.1,0.1133,401,0,0,0.0551,26,1,0,0
2025-10-09,26618.0,15636,9948,74.94,0.0283,0.1506,3,10,4,0,653.02,0.14,360,0,0,0.0564,30,0,0,0
2025-10-10,22658.2,15886,9270,80.3,0.022,0.1882,4,10,4,0,655.44,0.1503,343,0,0,0.056,18,0,0,0
2025-10-11,35622.92,17889,10846,79.57,0.0288,0.1388,5,10,4,1,231.73,0.0251,365,0,0,0.0516,21,1,0,0
2025-10-12,52158.98,16084,10016,83.03,0.0398,0.0297,6,10,4,1,210.02,0.0152,222,0,0,0.0521,26,0,0,0
2025-10-13,46441.67,12725,7893,89.39,0.0436,0.0414,0,10,4,0,203.39,0.0166,228,0,0,0.0506,25,0,0,0
2025-10-14,49971.75,13402,8418,96.24,0.0383,0.0403,1,10,4,0,211.21,0.0179,221,0,0,0.0493,26,0,0,0
2025-10-15,56808.68,14842,8839,88.59,0.0446,0.0286,2,10,4,0,212.99,0.0177,217,0,0,0.0555,27,0,0,0
2025-10-16,61326.67,16231,10208,89.11,0.0461,0.0251,3,10,4,0,196.48,0.0158,216,0,0,0.0442,25,0,0,0
2025-10-17,52355.78,16204,10233,89.7,0.0407,0.0476,4,10,4,0,212.13,0.0181,225,0,0,0.0455,20,0,0,0
2025-10-18,48032.53,18403,11847,77.96,0.0396,0.0433,5,10,4,1,209.68,0.017,216,0,0,0.0663,24,0,0,0
2025-10-19,54806.33,16623,9986,88.53,0.0365,0.0265,6,10,4,1,209.69,0.0192,207,0,0,0.0477,26,0,0,0
2025-10-20,41544.58,13051,7931,80.41,0.0422,0.033,0,10,4,0,208.44,0.0173,189,0,0,0.0576,21,0,0,0
2025-10-21,45104.31,13499,7452,82.76,0.0413,0.0453,1,10,4,0,206.15,0.0177,189,0,0,0.0583,15,0,0,0
2025-10-22,54403.3,14994,8910,97.89,0.0383,0.0262,2,10,4,0,207.63,0.0189,214,0,0,0.0575,23,0,0,0
2025-10-23,59352.19,16411,10086,84.61,0.0444,0.0324,3,10,4,0,211.81,0.021,232,0,0,0.0528,29,0,0,0
2025-10-24,51987.38,16653,9862,81.93,0.0417,0.0295,4,10,4,0,215.43,0.0167,225,0,0,0.0584,20,0,0,0
2025-10-25,64956.9,18399,11482,92.34,0.0398,0.0351,5,10,4,1,207.44,0.0194,240,0,0,0.057,28,0,0,0
2025-10-26,49940.03,16548,10160,80.79,0.0413,0.0303,6,10,4,1,212.53,0.0184,209,0,0,0.0542,22,0,0,0
2025-10-27,46817.11,13126,7341,83.54,0.0462,0.0422,0,10,4,0,208.72,0.018,186,0,0,0.0544,17,0,0,0
2025-10-28,52698.6,13469,8473,92.87,0.0448,0.0303,1,10,4,0,210.68,0.0182,207,0,0,0.0581,23,0,0,0
2025-10-29,53932.38,14803,8883,86.24,0.0426,0.0444,2,10,4,0,211.75,0.0187,252,0,0,0.0504,34,0,0,0
2025-10-30,55322.72,16411,10450,77.41,0.0449,0.0338,3,10,4,0,203.95,0.0162,226,0,0,0.0513,28,0,0,0
2025-10-31,54355.3,16956,10036,88.99,0.0395,0.033,4,10,4,0,212.94,0.0201,212,0,0,0.0534,21,0,0,0
2025-11-01,80137.93,21669,13360,89.82,0.0431,0.0205,5,11,4,1,212.7,0.0199,224,0,0,0.0497,23,0,0,0
2025-11-02,75617.47,19446,12029,100.47,0.0434,0.029,6,11,4,1,201.49,0.0172,235,0,0,0.0519,23,0,0,0
2025-11-03,55520.37,15626,9853,88.67,0.0416,0.0346,0,11,4,0,206.78,0.018,206,0,0,0.0568,26,0,0,0
2025-11-04,65719.68,15975,9976,97.78,0.0443,0.0304,1,11,4,0,209.21,0.0175,208,0,0,0.0504,28,0,0,0
2025-11-05,67540.18,17780,11050,101.77,0.0407,0.0222,2,11,4,0,205.57,0.0169,210,0,0,0.0585,21,0,0,0
2025-11-06,71270.63,19267,11164,87.32,0.0445,0.0297,3,11,4,0,211.83,0.0177,194,0,0,0.0557,16,0,0,0
2025-11-07,70857.12,19673,11365,90.94,0.0447,0.018,4,11,4,0,199.09,0.0178,238,0,0,0.054,33,0,0,0
2025-11-08,68043.4,22252,13270,94.14,0.0342,0.0471,5,11,4,1,207.4,0.0184,224,0,0,0.054,17,0,0,0
2025-11-09,75677.29,19959,12172,87.28,0.0466,0.0191,6,11,4,1,209.13,0.0167,217,0,0,0.0565,20,0,0,0
2025-11-10,49538.39,15746,9612,93.49,0.0339,0.0709,0,11,4,0,207.78,0.0178,227,0,0,0.0562,30,0,0,0
2025-11-11,58307.89,16018,10265,90.76,0.0412,0.0302,1,11,4,0,209.54,0.017,220,0,0,0.0587,20,0,0,0
2025-11-12,69655.76,17652,10991,90.65,0.0461,0.0223,2,11,4,0,206.49,0.0185,197,0,0,0.0526,29,0,0,0
2025-11-13,69515.6,19405,11712,92.27,0.042,0.0234,3,11,4,0,207.53,0.0173,202,0,0,0.0572,25,0,0,0
2025-11-14,69061.05,20058,12295,92.39,0.0386,0.0246,4,11,4,0,208.26,0.0183,212,0,0,0.0575,26,0,0,0
2025-11-15,78295.31,22146,13745,92.9,0.0397,0.0244,5,11,4,1,211.25,0.0178,207,0,0,0.0554,24,0,0,0
2025-11-16,75787.99,20140,12535,88.71,0.0461,0.0315,6,11,4,1,205.75,0.0192,228,0,0,0.0509,22,0,0,0
2025-11-17,47369.5,15915,10584,88.95,0.0372,0.029,0,11,4,0,208.96,0.0188,196,0,0,0.0675,19,0,0,0
2025-11-18,61052.05,16256,9850,91.35,0.0464,0.0426,1,11,4,0,206.87,0.018,220,0,0,0.0465,26,0,0,0
2025-11-19,65375.32,17992,11067,91.75,0.0428,0.027,2,11,4,0,205.68,0.0172,194,0,0,0.0565,29,0,0,0
2025-11-20,63106.18,19639,12288,89.59,0.0394,0.0265,3,11,4,0,207.53,0.0155,217,0,0,0.0498,25,0,0,0
2025-11-21,71191.12,19860,12237,93.78,0.0413,0.0237,4,11,4,0,205.35,0.0183,210,0,0,0.0531,21,0,0,0
2025-11-22,66724.81,22214,13484,82.02,0.0399,0.0247,5,11,4,1,209.48,0.0172,218,0,0,0.0538,14,0,0,0
2025-11-23,73969.8,20122,11628,87.98,0.0456,0.02,6,11,4,1,202.69,0.017,222,0,0,0.0536,28,0,0,0
2025-11-24,60680.78,15845,9635,90.46,0.0452,0.0294,0,11,4,0,211.05,0.0189,250,0,0,0.056,29,0,0,0
2025-11-25,50122.48,16167,9593,87.29,0.0378,0.0362,1,11,4,0,208.31,0.0169,213,0,0,0.0547,25,0,0,0
2025-11-26,68827.13,17787,10463,100.96,0.0418,0.0341,2,11,4,0,212.44,0.0172,212,0,0,0.0584,18,0,0,0
2025-11-27,73129.18,19644,11953,92.1,0.0404,0.0236,3,11,4,0,210.88,0.0184,195,0,0,0.0515,16,0,0,0
2025-11-28,79838.69,20169,12015,92.97,0.0469,0.0305,4,11,4,0,212.57,0.0181,216,0,0,0.0554,21,0,0,0
2025-11-29,74694.32,22674,14330,89.34,0.0389,0.0245,5,11,4,1,205.67,0.0163,227,0,0,0.0456,25,0,0,0
2025-11-30,81676.87,20285,12801,91.91,0.0478,0.0293,6,11,4,1,207.67,0.0179,227,0,0,0.0522,30,0,0,0
2025-12-01,55852.79,16468,9823,85.32,0.0429,0.0219,0,12,4,0,214.91,0.0188,232,0,0,0.0501,27,0,0,0
2025-12-02,62556.48,17095,10417,91.07,0.0395,0.0339,1,12,4,0,213.89,0.0173,220,0,0,0.0657,23,0,0,0
2025-12-03,34369.61,18028,10117,86.85,0.0329,0.0676,2,12,4,0,208.2,0.019,273,119,150,0.0519,21,0,1,0
2025-12-04,40277.17,19735,12053,90.47,0.0325,0.0426,3,12,4,0,205.63,0.0197,263,133,188,0.049,22,0,1,0
2025-12-05,32474.26,20363,12730,77.92,0.0311,0.0526,4,12,4,0,205.8,0.0186,286,133,153,0.0609,25,0,1,0
2025-12-06,53264.92,22495,14093,85.8,0.0352,0.0367,5,12,4,1,208.31,0.0182,281,114,180,0.0582,19,0,1,0
2025-12-07,50286.65,20026,11961,100.05,0.0312,0.07,6,12,4,1,213.86,0.018,302,114,117,0.0509,27,0,1,0
2025-12-08,29308.42,16164,10436,96.57,0.0284,0.0553,0,12,4,0,212.96,0.0163,306,105,178,0.057,27,0,1,0
2025-12-09,34575.77,16222,9536,99.25,0.0338,0.0656,1,12,4,0,209.74,0.0181,289,129,173,0.0626,25,0,1,0
2025-12-10,28434.33,18482,10744,99.63,0.0295,0.0793,2,12,4,0,208.89,0.019,287,112,190,0.052,32,0,1,0
2025-12-11,50426.56,19843,12800,95.7,0.0326,0.06,3,12,4,0,212.23,0.0192,302,97,100,0.0578,27,0,1,0
2025-12-12,44465.97,20223,13215,89.51,0.0322,0.0493,4,12,4,0,212.95,0.0184,287,126,135,0.0517,26,0,1,0
2025-12-13,45187.66,22607,14158,86.3,0.0323,0.0405,5,12,4,1,215.11,0.0187,278,134,104,0.0568,25,0,1,0
2025-12-14,61170.31,20533,12899,98.31,0.0409,0.0374,6,12,4,1,207.53,0.0174,288,126,138,0.055,30,0,1,0
2025-12-15,33789.39,16240,9016,92.36,0.0351,0.0772,0,12,4,0,207.95,0.0175,289,92,176,0.0635,27,0,1,0
2025-12-16,44194.32,16746,9510,105.72,0.0356,0.0643,1,12,4,0,207.1,0.0164,289,104,163,0.0488,21,0,1,0
2025-12-17,63898.79,18918,11740,89.99,0.0377,0.0476,2,12,4,0,208.05,0.0185,219,0,0,0.0551,24,0,0,0
2025-12-18,88810.4,20807,12638,102.85,0.041,0.0235,3,12,4,0,207.94,0.0188,204,0,0,0.0608,26,0,0,0
2025-12-19,83873.35,21434,12632,91.14,0.0436,0.0305,4,12,4,0,206.05,0.0182,220,0,0,0.054,27,0,0,0
2025-12-20,89889.73,23828,14733,99.35,0.0399,0.019,5,12,4,1,202.51,0.0193,195,0,0,0.0595,15,0,0,0
2025-12-21,101246.41,21230,13083,101.33,0.0457,0.0191,6,12,4,1,207.84,0.0185,229,0,0,0.0546,24,0,0,0
2025-12-22,54912.07,16808,10685,86.37,0.0394,0.023,0,12,4,0,206.02,0.0173,187,0,0,0.0567,30,0,0,0
2025-12-23,58793.74,17426,11002,89.33,0.0421,0.032,1,12,4,0,203.18,0.0181,207,0,0,0.0542,23,0,0,0
2025-12-24,61471.18,19251,12477,86.32,0.0412,0.0257,2,12,4,0,202.29,0.0186,194,0,0,0.0561,21,0,0,0
2025-12-25,79015.46,21176,13118,85.24,0.0435,0.0159,3,12,4,0,212.33,0.018,233,0,0,0.0638,34,0,0,0
2025-12-26,79739.52,21240,13186,95.67,0.0411,0.0216,4,12,4,0,205.49,0.0178,215,0,0,0.0519,29,0,0,0
2025-12-27,84916.43,23932,15378,90.92,0.0422,0.0272,5,12,4,1,209.8,0.0189,252,0,0,0.053,24,0,0,0
2025-12-28,77353.58,21313,12828,92.29,0.0423,0.0192,6,12,4,1,206.61,0.0187,222,0,0,0.048,26,0,0,0
2025-12-29,64801.32,17171,11908,95.06,0.0408,0.0228,0,12,4,0,204.26,0.0184,215,0,0,0.0566,24,0,0,0
2025-12-30,61663.6,17502,11009,81.78,0.0445,0.0286,1,12,4,0,207.18,0.0186,229,0,0,0.0527,23,0,0,0
2025-12-31,76408.66,18969,11924,99.08,0.0437,0.0249,2,12,4,0,211.6,0.017,215,0,0,0.0497,25,0,0,0
2026-01-01,60933.94,18874,11910,86.08,0.0427,0.0413,3,1,1,0,209.99,0.0187,194,0,0,0.044,17,0,0,0
2026-01-02,65433.78,19533,12958,90.93,0.0417,0.0286,4,1,1,0,197.82,0.0177,228,0,0,0.0558,20,0,0,0
2026-01-03,85536.12,21598,13795,91.41,0.0454,0.0216,5,1,1,1,204.11,0.0177,238,0,0,0.0611,28,0,0,0
2026-01-04,73468.65,19627,11334,95.54,0.0423,0.0265,6,1,1,1,198.97,0.0201,238,0,0,0.0486,30,0,0,0
2026-01-05,58149.45,15403,10012,87.42,0.0421,0.0299,0,1,1,0,210.96,0.0177,205,0,0,0.0574,20,0,0,0
2026-01-06,49245.4,15745,9777,76.32,0.0433,0.027,1,1,1,0,201.27,0.019,201,0,0,0.0564,23,0,0,0
2026-01-07,67291.09,17522,10809,88.31,0.0481,0.027,2,1,1,0,206.87,0.0175,211,0,0,0.0569,21,0,0,0
2026-01-08,61283.62,19055,11232,89.1,0.039,0.0237,3,1,1,0,203.98,0.0184,177,0,0,0.0588,19,0,0,0
2026-01-09,69462.81,19518,12226,82.31,0.0453,0.0214,4,1,1,0,201.74,0.0175,208,0,0,0.0556,20,0,0,0
2026-01-10,70708.12,21473,12977,88.81,0.0373,0.0289,5,1,1,1,205.07,0.0193,253,0,0,0.0518,29,0,0,0
2026-01-11,69435.93,19533,12195,86.01,0.0437,0.0392,6,1,1,1,209.19,0.0201,231,0,0,0.0539,16,0,0,0
2026-01-12,55343.67,15338,9354,80.61,0.0477,0.0329,0,1,1,0,205.5,0.0176,235,0,0,0.0468,27,0,0,0
2026-01-13,63433.8,16043,10643,91.69,0.0445,0.0362,1,1,1,0,206.21,0.0161,241,0,0,0.0573,34,0,0,0
2026-01-14,61494.94,17431,11643,84.9,0.0435,0.0289,2,1,1,0,209.62,0.0192,232,0,0,0.0594,17,0,0,0
2026-01-15,67146.47,19313,12180,85.76,0.0413,0.0169,3,1,1,0,213.01,0.0174,217,0,0,0.0533,27,0,0,0
2026-01-16,68537.39,19593,12090,85.46,0.0431,0.0316,4,1,1,0,201.85,0.0189,198,0,0,0.0598,24,0,0,0
2026-01-17,83536.09,21958,13495,94.8,0.0422,0.0361,5,1,1,1,212.37,0.0177,229,0,0,0.0498,22,0,0,0
2026-01-18,70170.85,19830,12584,87.77,0.0406,0.0165,6,1,1,1,213.33,0.0167,177,0,0,0.0449,16,0,0,0
2026-01-19,53386.07,15387,9452,88.44,0.0421,0.0284,0,1,1,0,199.5,0.0186,225,0,0,0.0542,20,0,0,0
2026-01-20,58990.78,16155,9762,85.58,0.0436,0.0271,1,1,1,0,205.27,0.0179,222,0,0,0.0538,26,0,0,0
2026-01-21,57271.93,17466,11189,90.55,0.0407,0.0287,2,1,1,0,211.69,0.0175,210,0,0,0.0511,28,0,0,0
2026-01-22,71242.32,19446,11831,95.42,0.0406,0.0355,3,1,1,0,205.86,0.0177,239,0,0,0.0552,24,0,0,0
2026-01-23,64364.71,19864,12139,91.56,0.0389,0.0258,4,1,1,0,202.19,0.0158,200,0,0,0.0631,25,0,0,0
2026-01-24,87086.7,21952,12752,91.78,0.0442,0.0175,5,1,1,1,210.13,0.0174,219,0,0,0.0548,29,0,0,0
2026-01-25,79495.84,19882,12671,91.33,0.0446,0.0293,6,1,1,1,209.94,0.018,187,0,0,0.0541,25,0,0,0
2026-01-26,50861.94,15643,10471,80.41,0.0437,0.0185,0,1,1,0,204.95,0.0186,196,0,0,0.0503,28,0,0,0
2026-01-27,42350.29,16065,10441,78.28,0.0375,0.0784,1,1,1,0,398.61,0.075,312,0,0,0.0513,27,1,0,0
2026-01-28,42119.47,17347,11390,81.97,0.0349,0.0594,2,1,1,0,392.1,0.0678,269,0,0,0.0627,22,1,0,0
2026-01-29,73025.67,19430,11638,84.01,0.0442,0.0261,3,1,1,0,207.85,0.0179,222,0,0,0.0631,23,0,0,0
2026-01-30,68204.08,19747,12284,82.15,0.0439,0.0228,4,1,1,0,204.76,0.0176,216,0,0,0.0515,25,0,0,0
2026-01-31,72785.12,22073,13187,77.7,0.0427,0.0228,5,1,1,1,211.38,0.0177,205,0,0,0.0539,24,0,0,0
2026-02-01,62707.69,20655,12758,80.59,0.0414,0.0248,6,2,1,1,206.55,0.0188,237,0,0,0.0495,26,0,0,0
2026-02-02,68412.47,16509,10524,86.59,0.0496,0.0232,0,2,1,0,204.23,0.0187,195,0,0,0.0578,20,0,0,0
2026-02-03,54284.91,16771,10425,87.62,0.0416,0.0305,1,2,1,0,209.12,0.0185,217,0,0,0.0516,24,0,0,0
2026-02-04,61568.38,18482,10620,83.64,0.041,0.0234,2,2,1,0,214.04,0.0177,215,0,0,0.044,19,0,0,0
2026-02-05,70910.16,20373,11776,88.43,0.0443,0.0366,3,2,1,0,210.55,0.0188,226,0,0,0.0583,24,0,0,0
2026-02-06,75707.17,20488,12044,85.61,0.0438,0.0274,4,2,1,0,204.54,0.0188,204,0,0,0.0652,17,0,0,0
2026-02-07,77736.02,23178,14684,94.0,0.0388,0.0246,5,2,1,1,207.14,0.0195,216,0,0,0.0561,31,0,0,0
2026-02-08,80610.58,20796,14118,87.11,0.0464,0.0232,6,2,1,1,206.65,0.0187,197,0,0,0.0592,25,0,0,0
2026-02-09,49903.35,16434,10827,91.83,0.0375,0.0719,0,2,1,0,199.39,0.0182,390,0,0,0.0915,170,0,0,1
2026-02-10,45078.65,16537,9522,89.12,0.0345,0.0631,1,2,1,0,201.35,0.0185,349,0,0,0.0884,149,0,0,1
2026-02-11,58251.93,18450,12362,80.29,0.0414,0.0588,2,2,1,0,210.14,0.0173,371,0,0,0.1013,152,0,0,1
2026-02-12,68323.91,20066,12794,87.5,0.0397,0.0548,3,2,1,0,215.64,0.0167,397,0,0,0.0876,162,0,0,1
2026-02-13,52210.56,20783,12076,81.2,0.034,0.0586,4,2,1,0,200.67,0.0194,357,0,0,0.0913,157,0,0,1
2026-02-14,77069.6,22899,14117,87.41,0.0431,0.0479,5,2,1,1,210.05,0.0179,381,0,0,0.093,153,0,0,1
2026-02-15,64608.13,20640,13256,83.9,0.0398,0.0619,6,2,1,1,206.83,0.0171,377,0,0,0.0945,155,0,0,1
2026-02-16,53135.98,16468,10426,90.1,0.0378,0.0714,0,2,1,0,214.71,0.0166,364,0,0,0.0936,151,0,0,1
2026-02-17,54525.81,16806,9938,80.62,0.0426,0.0649,1,2,1,0,211.17,0.0182,396,0,0,0.0891,157,0,0,1
2026-02-18,56048.02,18612,11853,88.08,0.0383,0.0653,2,2,1,0,205.5,0.0184,344,0,0,0.1001,154,0,0,1
2026-02-19,60849.24,20538,11660,91.15,0.0377,0.0719,3,2,1,0,204.74,0.0188,337,0,0,0.1024,133,0,0,1
2026-02-20,78041.09,21410,13216,92.99,0.041,0.0291,4,2,1,0,204.05,0.0195,207,0,0,0.0494,24,0,0,0
2026-02-21,88972.91,23711,15629,83.8,0.0447,0.0237,5,2,1,1,203.39,0.0181,233,0,0,0.0593,24,0,0,0
2026-02-22,75726.4,21075,13076,88.1,0.0444,0.0198,6,2,1,1,208.57,0.0183,194,0,0,0.057,27,0,0,0
2026-02-23,59268.28,16600,10100,89.01,0.043,0.035,0,2,1,0,209.69,0.0183,200,0,0,0.062,17,0,0,0
2026-02-24,63766.89,17171,10957,96.51,0.0406,0.0333,1,2,1,0,203.45,0.0167,230,0,0,0.0478,22,0,0,0
2026-02-25,65923.78,19072,12356,79.85,0.0434,0.0382,2,2,1,0,203.25,0.0196,226,0,0,0.0488,30,0,0,0
2026-02-26,71939.94,20977,13660,82.99,0.0428,0.0362,3,2,1,0,208.72,0.0193,248,0,0,0.0538,30,0,0,0
2026-02-27,78846.02,21259,13617,103.42,0.039,0.0308,4,2,1,0,203.81,0.0176,250,0,0,0.0512,29,0,0,0
2026-02-28,72963.49,23516,15413,86.5,0.0386,0.0247,5,2,1,1,201.93,0.0176,209,0,0,0.049,21,0,0,0
2026-03-01,74191.31,22217,14111,77.6,0.0447,0.02,6,3,1,1,204.99,0.0191,237,0,0,0.0524,15,0,0,0
2026-03-02,48293.97,17429,10997,84.8,0.0352,0.0273,0,3,1,0,213.07,0.0168,196,0,0,0.0444,26,0,0,0
2026-03-03,53626.21,17783,11177,72.77,0.0436,0.0216,1,3,1,0,207.36,0.0194,197,0,0,0.0621,25,0,0,0
2026-03-04,71254.47,19661,11947,89.33,0.0416,0.028,2,3,1,0,206.8,0.0191,203,0,0,0.0556,22,0,0,0
2026-03-05,88904.61,21321,12549,92.45,0.0469,0.0268,3,3,1,0,203.36,0.0181,216,0,0,0.0542,25,0,0,0
2026-03-06,75636.75,22331,13289,82.99,0.0415,0.0225,4,3,1,0,205.36,0.0169,239,0,0,0.0552,22,0,0,0
2026-03-07,92037.03,24826,15145,85.41,0.045,0.0357,5,3,1,1,205.46,0.0192,241,0,0,0.0598,31,0,0,0
2026-03-08,79410.86,22079,13875,93.08,0.0418,0.017,6,3,1,1,210.85,0.0172,190,0,0,0.0563,21,0,0,0
2026-03-09,58848.77,17329,11459,78.37,0.0433,0.0311,0,3,1,0,200.65,0.0166,216,0,0,0.0532,25,0,0,0
2026-03-10,63140.24,17718,11039,80.73,0.0452,0.0255,1,3,1,0,202.12,0.0181,193,0,0,0.053,21,0,0,0
2026-03-11,68683.17,19699,12558,86.75,0.0416,0.0196,2,3,1,0,212.64,0.0197,225,0,0,0.0566,28,0,0,0
2026-03-12,77659.75,21632,14262,83.86,0.046,0.0187,3,3,1,0,210.69,0.0175,190,0,0,0.0522,13,0,0,0
2026-03-13,71882.44,22139,13642,86.38,0.04,0.0234,4,3,1,0,205.44,0.0189,225,0,0,0.0578,31,0,0,0
2026-03-14,81413.49,24727,15615,81.05,0.0439,0.0302,5,3,1,1,207.13,0.0166,228,0,0,0.0627,28,0,0,0
2026-03-15,88903.62,22023,13683,89.18,0.0458,0.0194,6,3,1,1,208.36,0.0209,218,0,0,0.047,24,0,0,0
2026-03-16,65993.7,17477,11504,87.18,0.045,0.0294,0,3,1,0,204.03,0.0167,222,0,0,0.0539,23,0,0,0
2026-03-17,77612.67,17953,11267,91.02,0.0487,0.0275,1,3,1,0,206.47,0.0187,233,0,0,0.0511,28,0,0,0
2026-03-18,65828.0,19948,11687,89.1,0.0407,0.0313,2,3,1,0,205.83,0.0186,215,0,0,0.0525,18,0,0,0
2026-03-19,73155.98,21921,13725,89.14,0.0389,0.0216,3,3,1,0,205.43,0.0178,214,0,0,0.0558,29,0,0,0
2026-03-20,68908.82,22530,14802,80.05,0.04,0.0136,4,3,1,0,209.34,0.0181,216,0,0,0.0566,26,0,0,0
2026-03-21,94303.25,24832,15313,90.71,0.045,0.0195,5,3,1,1,212.52,0.019,225,0,0,0.0553,33,0,0,0
2026-03-22,83961.3,22040,13930,86.18,0.0445,0.0239,6,3,1,1,203.55,0.0191,206,0,0,0.0485,31,0,0,0
2026-03-23,56966.96,17477,11130,87.08,0.0433,0.0398,0,3,1,0,207.23,0.0179,220,0,0,0.0525,25,0,0,0
2026-03-24,64817.0,18180,10759,93.77,0.0396,0.0364,1,3,1,0,201.74,0.0191,191,0,0,0.0635,16,0,0,0
2026-03-25,67895.71,20271,12858,84.04,0.0453,0.0209,2,3,1,0,205.02,0.0168,221,0,0,0.0483,28,0,0,0
2026-03-26,79436.2,22022,12834,95.43,0.0393,0.0286,3,3,1,0,206.92,0.0189,232,0,0,0.0494,31,0,0,0
2026-03-27,95581.93,22476,13718,95.94,0.0465,0.0176,4,3,1,0,211.18,0.0169,226,0,0,0.0502,29,0,0,0
2026-03-28,112430.23,24913,16189,92.14,0.0516,0.0181,5,3,1,1,205.01,0.0166,209,0,0,0.0695,21,0,0,0
2026-03-29,78165.68,22410,14016,82.61,0.0441,0.0187,6,3,1,1,210.77,0.0191,209,0,0,0.0508,24,0,0,0
2026-03-30,56332.76,17830,10846,75.98,0.0447,0.0316,0,3,1,0,209.35,0.0167,245,0,0,0.0493,23,0,0,0
2026-03-31,61104.76,17892,11287,93.93,0.0415,0.038,1,3,1,0,206.83,0.0174,211,0,0,0.0547,23,0,0,0
2026-04-01,56749.82,20559,12718,86.61,0.0376,0.0373,2,4,2,0,202.67,0.016,199,0,0,0.0601,27,0,0,0
2026-04-02,68663.15,22350,13972,81.9,0.0412,0.0286,3,4,2,0,206.38,0.0165,211,0,0,0.0646,25,0,0,0
2026-04-03,82970.4,23105,14628,92.45,0.0397,0.0154,4,4,2,0,210.11,0.018,183,0,0,0.0563,17,0,0,0
2026-04-04,76407.55,25447,15481,81.26,0.0387,0.0244,5,4,2,1,208.96,0.0171,240,0,0,0.0515,27,0,0,0
2026-04-05,84085.36,22872,14228,83.67,0.0482,0.018,6,4,2,1,209.24,0.0176,225,0,0,0.0499,16,0,0,0
2026-04-06,66348.87,18054,10911,88.89,0.0438,0.0308,0,4,2,0,200.41,0.0169,228,0,0,0.0596,26,0,0,0
2026-04-07,64964.28,18510,10651,79.88,0.0441,0.0311,1,4,2,0,207.53,0.0185,210,0,0,0.0521,22,0,0,0
2026-04-08,69848.71,20413,12176,85.4,0.0421,0.0249,2,4,2,0,206.95,0.0187,207,0,0,0.0466,28,0,0,0
2026-04-09,81045.12,22394,15012,91.99,0.0425,0.0263,3,4,2,0,208.56,0.0165,212,0,0,0.0638,29,0,0,0
2026-04-10,85053.16,22674,14397,87.16,0.0459,0.0211,4,4,2,0,202.99,0.0185,207,0,0,0.0573,23,0,0,0
2026-04-11,92473.3,25562,15062,92.86,0.0429,0.0215,5,4,2,1,205.05,0.0163,220,0,0,0.0534,24,0,0,0
2026-04-12,87079.32,22842,13252,92.23,0.0446,0.0223,6,4,2,1,206.54,0.0181,214,0,0,0.0543,26,0,0,0
2026-04-13,59551.86,18330,11194,86.04,0.0424,0.0356,0,4,2,0,204.56,0.0184,209,0,0,0.0592,23,0,0,0
2026-04-14,22240.78,18045,12040,63.0,0.0246,0.1726,1,4,2,0,659.07,0.1477,405,0,0,0.0494,37,1,0,0
2026-04-15,22722.4,19764,12111,69.77,0.0214,0.1643,2,4,2,0,733.26,0.1609,382,0,0,0.0469,24,0,0,0
2026-04-16,28252.91,21646,14123,80.05,0.0197,0.1358,3,4,2,0,733.8,0.1728,372,0,0,0.0619,20,0,0,0
2026-04-17,28837.0,22461,14048,67.32,0.0248,0.14,4,4,2,0,728.7,0.1716,434,0,0,0.0591,27,0,0,0
2026-04-18,36106.15,24737,15675,74.05,0.0258,0.102,5,4,2,1,720.55,0.1595,388,0,0,0.0549,22,1,0,0
2026-04-19,79260.17,23488,13689,87.86,0.0391,0.0253,6,4,2,1,215.06,0.0202,201,0,0,0.06,29,0,0,0
2026-04-20,67696.95,18175,11569,94.08,0.0429,0.0314,0,4,2,0,207.43,0.0175,217,0,0,0.0517,24,0,0,0
2026-04-21,63916.79,18732,11529,82.84,0.0432,0.0347,1,4,2,0,210.53,0.018,202,0,0,0.0541,26,0,0,0
2026-04-22,59646.78,20924,13308,82.46,0.0365,0.0303,2,4,2,0,210.68,0.0182,208,0,0,0.0558,21,0,0,0
2026-04-23,75140.88,22674,13342,85.71,0.0403,0.0297,3,4,2,0,206.43,0.019,221,0,0,0.0536,26,0,0,0
2026-04-24,85570.31,23381,14715,87.93,0.0442,0.0274,4,4,2,0,207.31,0.0185,230,0,0,0.0451,26,0,0,0
2026-04-25,89609.38,25826,16352,85.15,0.0442,0.021,5,4,2,1,211.04,0.019,235,0,0,0.0535,30,0,0,0
2026-04-26,80844.89,23330,14442,91.77,0.0395,0.0198,6,4,2,1,205.96,0.0189,211,0,0,0.0535,26,0,0,0
2026-04-27,62957.28,18281,11597,81.6,0.0435,0.0338,0,4,2,0,208.99,0.0195,223,0,0,0.0578,14,0,0,0
2026-04-28,70978.22,19130,11646,86.66,0.0461,0.0246,1,4,2,0,202.98,0.0172,196,0,0,0.048,26,0,0,0
2026-04-29,78406.93,20977,12577,88.45,0.0453,0.0284,2,4,2,0,210.93,0.019,226,0,0,0.0487,20,0,0,0
2026-04-30,77580.99,22828,15148,83.8,0.0427,0.0189,3,4,2,0,212.61,0.0177,202,0,0,0.0561,18,0,0,0
2026-05-01,78046.17,22988,14717,90.62,0.0416,0.0213,4,5,2,0,204.43,0.018,214,0,0,0.0546,27,0,0,0
2026-05-02,85990.84,25605,15291,86.82,0.0411,0.0181,5,5,2,1,206.73,0.016,218,0,0,0.0557,21,0,0,0
2026-05-03,85055.58,23219,14661,90.34,0.0444,0.0187,6,5,2,1,203.05,0.0185,230,0,0,0.051,27,0,0,0
2026-05-04,62606.93,18197,10981,87.07,0.0436,0.0211,0,5,2,0,209.3,0.0162,188,0,0,0.0593,22,0,0,0
2026-05-05,70014.3,18982,11011,88.07,0.0449,0.0233,1,5,2,0,215.99,0.0187,218,0,0,0.0485,20,0,0,0
2026-05-06,67395.22,20913,13659,82.52,0.0434,0.0271,2,5,2,0,209.6,0.0206,209,0,0,0.0549,19,0,0,0
2026-05-07,84276.49,22560,12997,82.53,0.0455,0.0219,3,5,2,0,197.54,0.0177,239,0,0,0.0546,24,0,0,0
2026-05-08,84209.97,23037,14705,92.73,0.0433,0.023,4,5,2,0,212.26,0.0203,217,0,0,0.0506,20,0,0,0
2026-05-09,95761.81,25675,15964,89.5,0.0454,0.0169,5,5,2,1,208.91,0.0176,202,0,0,0.0667,29,0,0,0
2026-05-10,80175.68,23374,14266,80.37,0.0456,0.0164,6,5,2,1,199.3,0.0173,214,0,0,0.0578,20,0,0,0
2026-05-11,65582.93,18257,11386,86.99,0.0406,0.0339,0,5,2,0,205.99,0.0168,214,0,0,0.055,28,0,0,0
2026-05-12,49985.09,18832,11896,72.94,0.0376,0.027,1,5,2,0,209.62,0.0158,215,0,0,0.0493,23,0,0,0
2026-05-13,80153.11,20973,12459,82.84,0.0476,0.0171,2,5,2,0,200.84,0.0172,202,0,0,0.055,16,0,0,0
2026-05-14,82599.68,23050,14524,91.29,0.0438,0.0194,3,5,2,0,207.64,0.0181,216,0,0,0.045,22,0,0,0
2026-05-15,71837.31,23357,14693,85.31,0.0379,0.0229,4,5,2,0,211.53,0.0188,185,0,0,0.0653,17,0,0,0
2026-05-16,84665.69,26018,15262,86.65,0.0409,0.0187,5,5,2,1,209.18,0.0198,253,0,0,0.0606,30,0,0,0
2026-05-17,71688.27,23224,14198,69.41,0.0453,0.0161,6,5,2,1,211.21,0.0164,195,0,0,0.0557,18,0,0,0
2026-05-18,62210.41,18523,12115,83.84,0.0422,0.0251,0,5,2,0,210.05,0.0197,203,0,0,0.0552,23,0,0,0
2026-05-19,67041.28,18733,12436,87.86,0.0415,0.0278,1,5,2,0,208.75,0.0175,204,0,0,0.0574,30,0,0,0
2026-05-20,63240.46,20496,13129,88.56,0.0418,0.04,2,5,2,0,212.4,0.0202,279,113,68,0.0537,26,0,1,0
2026-05-21,57956.49,22668,13253,91.29,0.0345,0.0456,3,5,2,0,211.39,0.0194,257,114,76,0.0569,20,0,1,0
2026-05-22,56007.91,22965,14499,84.84,0.0352,0.0413,4,5,2,0,207.7,0.0158,263,97,93,0.0501,27,0,1,0
2026-05-23,69512.53,25706,16541,85.09,0.0382,0.0383,5,5,2,1,211.19,0.0184,253,98,128,0.0647,30,0,1,0
2026-05-24,59383.56,23069,14688,78.67,0.0388,0.0449,6,5,2,1,206.1,0.0192,289,114,76,0.048,27,0,1,0
2026-05-25,47213.13,18065,11564,84.88,0.0391,0.0394,0,5,2,0,211.31,0.0179,255,85,119,0.0589,31,0,1,0
2026-05-26,49559.33,18511,11718,79.06,0.0403,0.0442,1,5,2,0,205.64,0.0179,242,91,112,0.0556,22,0,1,0
2026-05-27,52588.52,20693,12722,75.84,0.0382,0.031,2,5,2,0,200.86,0.0182,231,116,87,0.0572,18,0,1,0
2026-05-28,60547.55,22309,13488,80.03,0.0391,0.0388,3,5,2,0,201.44,0.0197,268,125,86,0.0463,16,0,1,0
2026-05-29,67629.57,23111,13212,94.3,0.0368,0.0275,4,5,2,0,209.23,0.0187,249,106,130,0.0518,23,0,1,0
2026-05-30,74680.27,25906,16426,84.51,0.0378,0.036,5,5,2,1,204.84,0.0192,254,104,114,0.0491,25,0,1,0
2026-05-31,82278.34,23560,14762,87.21,0.0433,0.0203,6,5,2,1,206.32,0.0181,195,0,0,0.0628,22,0,0,0
2026-06-01,64002.04,18388,11691,83.18,0.0436,0.0371,0,6,2,0,203.58,0.0197,243,0,0,0.0649,31,0,0,0
2026-06-02,58960.73,18882,11021,76.15,0.0453,0.0175,1,6,2,0,208.64,0.0183,205,0,0,0.0494,26,0,0,0
2026-06-03,85453.55,20655,12735,91.15,0.0447,0.0253,2,6,2,0,206.71,0.019,228,0,0,0.0664,24,0,0,0
2026-06-04,67572.43,22549,15285,74.05,0.0431,0.0232,3,6,2,0,201.8,0.0201,235,0,0,0.0484,29,0,0,0
2026-06-05,77347.1,23161,14414,82.95,0.0406,0.0218,4,6,2,0,205.61,0.019,223,0,0,0.0539,26,0,0,0
2026-06-06,92188.56,25745,15801,85.7,0.0432,0.0204,5,6,2,1,207.08,0.0196,229,0,0,0.0646,28,0,0,0
2026-06-07,80505.49,23098,14380,87.27,0.0429,0.0239,6,6,2,1,206.2,0.0177,213,0,0,0.0565,24,0,0,0
2026-06-08,64253.64,18458,12471,82.0,0.0436,0.0327,0,6,2,0,216.8,0.0168,231,0,0,0.0567,21,0,0,0
2026-06-09,66799.98,18625,10947,75.89,0.0496,0.0254,1,6,2,0,208.75,0.018,207,0,0,0.0548,25,0,0,0
2026-06-10,69428.09,20668,12886,81.59,0.0414,0.0276,2,6,2,0,208.18,0.0184,204,0,0,0.0464,18,0,0,0
2026-06-11,77737.68,22750,13777,81.88,0.0443,0.0258,3,6,2,0,213.69,0.0171,233,0,0,0.0566,18,0,0,0
2026-06-12,79689.4,23105,13983,81.75,0.0462,0.0188,4,6,2,0,200.92,0.0178,198,0,0,0.0532,24,0,0,0
2026-06-13,97862.2,25890,15848,91.34,0.0433,0.0189,5,6,2,1,208.36,0.0158,214,0,0,0.0489,23,0,0,0
2026-06-14,90024.96,23568,15322,79.33,0.05,0.018,6,6,2,1,203.81,0.0185,209,0,0,0.0519,31,0,0,0
2026-06-15,60182.65,18344,12215,87.66,0.0419,0.0417,0,6,2,0,215.61,0.0182,218,0,0,0.0602,19,0,0,0
2026-06-16,68437.91,18876,11682,86.87,0.044,0.031,1,6,2,0,206.91,0.0188,237,0,0,0.0623,29,0,0,0
2026-06-17,75704.87,20970,12677,91.28,0.0406,0.0273,2,6,2,0,206.94,0.0181,205,0,0,0.052,16,0,0,0
2026-06-18,76789.35,23090,15603,85.27,0.0419,0.0185,3,6,2,0,212.61,0.0179,208,0,0,0.0623,31,0,0,0
2026-06-19,89702.07,22907,13962,90.35,0.0437,0.0255,4,6,2,0,211.11,0.018,212,0,0,0.0556,24,0,0,0
2026-06-20,96140.81,26111,15764,85.05,0.0455,0.0187,5,6,2,1,198.71,0.0196,160,0,0,0.055,17,0,0,0
2026-06-21,89125.02,23393,13467,88.39,0.044,0.0163,6,6,2,1,210.03,0.0206,192,0,0,0.0491,17,0,0,0
2026-06-22,61622.91,18547,12096,77.73,0.0436,0.0546,0,6,2,0,210.63,0.0182,329,0,0,0.1016,104,0,0,1
2026-06-23,49521.87,18963,12218,71.49,0.0395,0.0625,1,6,2,0,217.52,0.0168,312,0,0,0.1032,100,0,0,1
2026-06-24,67143.75,20818,14063,88.08,0.0388,0.0535,2,6,2,0,203.94,0.0181,299,0,0,0.0977,93,0,0,1
2026-06-25,87778.96,22817,13217,88.37,0.0479,0.0406,3,6,2,0,210.18,0.0195,306,0,0,0.0965,103,0,0,1
2026-06-26,78690.4,23483,15496,88.62,0.041,0.0446,4,6,2,0,211.96,0.019,327,0,0,0.1024,92,0,0,1
2026-06-27,77001.66,26270,16363,83.11,0.0376,0.0537,5,6,2,1,211.23,0.0191,314,0,0,0.1083,108,0,0,1
2026-06-28,78895.48,23312,14893,94.19,0.0377,0.0388,6,6,2,1,203.69,0.0165,321,0,0,0.1033,97,0,0,1
2026-06-29,58806.9,18666,10779,83.47,0.0402,0.0417,0,6,2,0,210.15,0.0175,238,0,0,0.0574,33,0,0,0
2026-06-30,76342.42,19454,12705,88.31,0.0458,0.0288,1,6,2,0,208.26,0.0181,222,0,0,0.0535,30,0,0,0
2026-07-01,82941.3,20246,13041,89.27,0.0419,0.0201,2,7,3,0,207.95,0.0175,221,0,0,0.0486,29,0,0,0
2026-07-02,88755.17,22158,13735,95.45,0.0434,0.0231,3,7,3,0,207.5,0.0179,230,0,0,0.0619,20,0,0,0
2026-07-03,76931.71,22659,14464,84.26,0.0428,0.0288,4,7,3,0,205.69,0.0177,226,0,0,0.0493,20,0,0,0
2026-07-04,89026.91,25208,15300,82.41,0.0452,0.0163,5,7,3,1,203.5,0.018,214,0,0,0.0528,22,0,0,0
2026-07-05,65200.0,22704,13676,77.76,0.0405,0.0351,6,7,3,1,213.6,0.0173,215,0,0,0.0517,26,0,0,0
2026-07-06,65669.1,18230,11126,94.54,0.0398,0.0295,0,7,3,0,202.14,0.016,190,0,0,0.0605,28,0,0,0
2026-07-07,69385.77,18498,10598,88.32,0.0437,0.026,1,7,3,0,204.76,0.0178,177,0,0,0.058,18,0,0,0
2026-07-08,75503.31,20431,13035,88.49,0.0448,0.0239,2,7,3,0,208.78,0.0181,202,0,0,0.0554,27,0,0,0
2026-07-09,102746.43,22478,14740,103.14,0.044,0.0216,3,7,3,0,206.64,0.0179,221,0,0,0.0536,29,0,0,0
2026-07-10,72879.35,23140,13979,87.79,0.0406,0.0218,4,7,3,0,202.12,0.0162,241,0,0,0.0604,32,0,0,0
2026-07-11,89511.9,25258,16127,78.84,0.045,0.0232,5,7,3,1,204.13,0.0205,208,0,0,0.0603,28,0,0,0
2026-07-12,74346.8,22784,14188,84.92,0.0408,0.0236,6,7,3,1,204.42,0.0187,204,0,0,0.0446,24,0,0,0
2026-07-13,57601.79,17986,11386,80.64,0.0414,0.027,0,7,3,0,206.03,0.0173,219,0,0,0.0503,20,0,0,0
2026-07-14,59864.68,18765,11342,83.82,0.0402,0.0292,1,7,3,0,212.43,0.0173,195,0,0,0.0549,21,0,0,0
2026-07-15,77149.98,20257,12049,83.79,0.0469,0.0233,2,7,3,0,208.0,0.0183,235,0,0,0.0573,24,0,0,0
2026-07-16,79217.07,22482,14549,82.77,0.0449,0.0111,3,7,3,0,208.72,0.0181,213,0,0,0.0464,24,0,0,0
2026-07-17,75454.28,23089,13976,78.34,0.0448,0.0208,4,7,3,0,211.16,0.0175,205,0,0,0.0578,22,0,0,0
2026-07-18,109564.07,25645,17079,94.76,0.0467,0.0252,5,7,3,1,198.73,0.0191,216,0,0,0.0606,11,0,0,0
2026-07-19,96379.45,23082,14211,87.64,0.0514,0.0182,6,7,3,1,203.96,0.0183,208,0,0,0.0573,25,0,0,0
2026-07-20,55466.06,18094,10793,84.76,0.0379,0.037,0,7,3,0,205.98,0.0187,207,0,0,0.0529,22,0,0,0
2026-07-21,65717.59,18632,12123,90.17,0.0408,0.0287,1,7,3,0,204.68,0.0181,235,0,0,0.0542,29,0,0,0
2026-07-22,72207.34,20909,12992,88.59,0.0412,0.024,2,7,3,0,210.72,0.018,223,0,0,0.0506,23,0,0,0
2026-07-23,71806.95,22627,14577,87.52,0.0404,0.0298,3,7,3,0,215.16,0.0174,195,0,0,0.0518,19,0,0,0
2026-07-24,78599.0,23158,15069,89.77,0.0398,0.0154,4,7,3,0,201.1,0.018,194,0,0,0.055,20,0,0,0
2026-07-25,90546.46,26083,15978,86.74,0.0421,0.0237,5,7,3,1,203.6,0.0172,207,0,0,0.0619,25,0,0,0
2026-07-26,80125.26,23211,14449,89.69,0.0394,0.0182,6,7,3,1,208.07,0.0169,205,0,0,0.0559,22,0,0,0
2026-07-27,68279.88,18356,11297,90.14,0.044,0.0385,0,7,3,0,201.66,0.0192,192,0,0,0.0545,21,0,0,0
2026-07-28,67954.84,18858,11013,86.89,0.0432,0.0335,1,7,3,0,210.57,0.0176,217,0,0,0.054,26,0,0,0
2026-07-29,74777.6,20865,12614,84.79,0.0444,0.0208,2,7,3,0,215.24,0.0166,202,0,0,0.0531,32,0,0,0
2026-07-30,87221.96,22749,14757,94.42,0.0445,0.0218,3,7,3,0,209.93,0.0164,211,0,0,0.0508,12,0,0,0
2026-07-31,79724.33,23080,14477,83.37,0.0448,0.0173,4,7,3,0,209.28,0.0179,196,0,0,0.0532,20,0,0,0
2026-08-01,88280.53,25006,14907,88.15,0.0419,0.0154,5,8,3,1,211.14,0.0188,196,0,0,0.0621,26,0,0,0
2026-08-02,91543.42,22320,12943,88.28,0.0494,0.0233,6,8,3,1,208.44,0.0178,234,0,0,0.0526,21,0,0,0
2026-08-03,38432.38,17465,11631,76.7,0.0335,0.073,0,8,3,0,392.15,0.0682,319,0,0,0.0523,23,1,0,0
2026-08-04,37153.12,17870,11117,75.61,0.0272,0.1122,1,8,3,0,509.74,0.1013,327,0,0,0.0519,22,1,0,0
2026-08-05,65913.9,20079,12070,84.05,0.04,0.0305,2,8,3,0,207.95,0.0188,203,0,0,0.0573,19,0,0,0
2026-08-06,64223.78,22061,13569,83.29,0.0378,0.0375,3,8,3,0,215.29,0.0162,204,0,0,0.0555,19,0,0,0
2026-08-07,68340.27,22539,12871,77.98,0.0431,0.0188,4,8,3,0,214.15,0.0159,244,0,0,0.0563,30,0,0,0
2026-08-08,80646.82,25157,16196,82.42,0.0426,0.0246,5,8,3,1,204.63,0.0198,212,0,0,0.0548,17,0,0,0
2026-08-09,74753.23,22579,13786,87.46,0.0416,0.0237,6,8,3,1,208.45,0.0183,202,0,0,0.0531,25,0,0,0
2026-08-10,82192.16,17773,11591,92.96,0.049,0.0164,0,8,3,0,209.93,0.0184,195,0,0,0.0528,14,0,0,0
2026-08-11,68309.62,18273,11407,89.05,0.0446,0.0274,1,8,3,0,204.61,0.0199,220,0,0,0.0517,23,0,0,0
2026-08-12,64256.88,20137,13351,71.7,0.0452,0.0247,2,8,3,0,209.23,0.0179,204,0,0,0.0526,22,0,0,0
2026-08-13,76770.56,22278,13965,89.53,0.0402,0.0311,3,8,3,0,209.47,0.0199,225,0,0,0.0556,22,0,0,0
2026-08-14,73722.6,22654,14553,82.93,0.04,0.0188,4,8,3,0,207.15,0.0188,204,0,0,0.0601,29,0,0,0
2026-08-15,88595.9,25022,16031,88.49,0.0431,0.0215,5,8,3,1,194.55,0.0183,245,0,0,0.0449,26,0,0,0
2026-08-16,85714.54,22910,14623,85.92,0.0435,0.0204,6,8,3,1,204.02,0.0184,208,0,0,0.0531,21,0,0,0
2026-08-17,50088.55,17737,11104,84.94,0.0374,0.0392,0,8,3,0,208.83,0.0164,207,0,0,0.0535,19,0,0,0
2026-08-18,58680.46,18417,11324,85.44,0.0425,0.032,1,8,3,0,209.36,0.0177,207,0,0,0.0647,22,0,0,0
2026-08-19,72054.69,20318,13445,85.88,0.043,0.0247,2,8,3,0,203.77,0.0175,224,0,0,0.0582,25,0,0,0
2026-08-20,86594.7,22240,13271,93.39,0.0424,0.0229,3,8,3,0,203.42,0.0177,206,0,0,0.0582,20,0,0,0
2026-08-21,76409.9,22905,14425,85.89,0.0406,0.0276,4,8,3,0,209.59,0.0184,210,0,0,0.0578,22,0,0,0
2026-08-22,90472.47,25219,15418,91.97,0.0414,0.0267,5,8,3,1,208.66,0.0193,204,0,0,0.0537,22,0,0,0
2026-08-23,83558.15,23033,14707,91.17,0.0425,0.0308,6,8,3,1,209.72,0.0172,252,0,0,0.0579,28,0,0,0
2026-08-24,61759.31,18046,10980,89.67,0.0433,0.0276,0,8,3,0,206.52,0.0188,228,0,0,0.0586,28,0,0,0
2026-08-25,64584.09,18603,11389,76.17,0.0448,0.0256,1,8,3,0,209.39,0.0179,215,0,0,0.0483,32,0,0,0
2026-08-26,81280.14,20531,12492,92.14,0.0462,0.0196,2,8,3,0,213.97,0.0172,202,0,0,0.0515,20,0,0,0
2026-08-27,73277.11,22449,13050,83.48,0.0421,0.0238,3,8,3,0,204.01,0.0175,206,0,0,0.0548,24,0,0,0
2026-08-28,81426.07,22875,14010,89.94,0.0416,0.019,4,8,3,0,206.44,0.017,199,0,0,0.0591,26,0,0,0
2026-08-29,86231.28,25319,14981,80.65,0.0443,0.0236,5,8,3,1,207.9,0.0178,222,0,0,0.0566,28,0,0,0
2026-08-30,76437.36,22808,13059,79.48,0.0448,0.0242,6,8,3,1,208.3,0.0165,194,0,0,0.0558,30,0,0,0
2026-08-31,69192.8,17930,11354,96.87,0.0417,0.0231,0,8,3,0,209.02,0.0176,222,0,0,0.0614,28,0,0,0
2026-09-01,61040.5,18024,11366,80.74,0.0454,0.0268,1,9,3,0,213.99,0.0168,221,0,0,0.0518,24,0,0,0
2026-09-02,75362.34,20008,12709,92.3,0.0459,0.0245,2,9,3,0,210.68,0.0171,211,0,0,0.0553,21,0,0,0
2026-09-03,85358.79,21892,13712,86.65,0.0469,0.0157,3,9,3,0,208.42,0.019,200,0,0,0.0515,24,0,0,0
2026-09-04,90618.66,22286,12761,83.69,0.0483,0.0149,4,9,3,0,207.76,0.0189,215,0,0,0.0584,25,0,0,0
2026-09-05,78686.1,24836,14479,85.75,0.0404,0.0395,5,9,3,1,211.47,0.017,226,0,0,0.058,27,0,0,0
2026-09-06,73611.39,22763,15147,78.84,0.043,0.0226,6,9,3,1,206.53,0.0182,215,0,0,0.0605,19,0,0,0
2026-09-07,59803.62,17763,10594,85.92,0.043,0.0355,0,9,3,0,214.42,0.0185,193,0,0,0.063,18,0,0,0
2026-09-08,57848.64,18368,11567,80.04,0.0427,0.0296,1,9,3,0,196.93,0.0184,212,0,0,0.0532,26,0,0,0
2026-09-09,42039.94,19727,12006,83.83,0.0339,0.0629,2,9,3,0,212.92,0.018,298,98,104,0.0532,29,0,1,0
2026-09-10,49656.19,21095,12893,91.09,0.0313,0.0441,3,9,3,0,209.07,0.0176,258,119,148,0.0466,21,0,1,0
2026-09-11,52901.05,21927,13359,87.4,0.0361,0.0524,4,9,3,0,211.12,0.0197,298,116,157,0.0515,25,0,1,0
2026-09-12,49772.94,24223,15523,77.85,0.0335,0.0397,5,9,3,1,200.99,0.0173,281,134,146,0.0423,30,0,1,0
2026-09-13,57695.33,21857,13601,90.68,0.0361,0.0386,6,9,3,1,201.7,0.0201,289,130,138,0.0562,20,0,1,0
2026-09-14,38881.43,17225,10387,85.96,0.0334,0.0695,0,9,3,0,209.12,0.016,295,143,84,0.059,25,0,1,0
2026-09-15,34990.13,17579,10462,83.02,0.0325,0.0542,1,9,3,0,206.65,0.0187,274,108,145,0.0479,28,0,1,0
2026-09-16,53550.19,19953,12661,90.11,0.0365,0.0421,2,9,3,0,205.54,0.0187,254,124,143,0.056,29,0,1,0
2026-09-17,56918.85,21599,12480,85.08,0.0363,0.052,3,9,3,0,214.7,0.0163,299,127,122,0.0527,21,0,1,0
2026-09-18,53480.19,21688,13830,79.59,0.0375,0.0369,4,9,3,0,209.11,0.0183,266,131,107,0.0545,25,0,1,0
2026-09-19,79740.26,24359,16699,96.16,0.0424,0.0304,5,9,3,1,200.37,0.019,272,113,178,0.0589,24,0,1,0
2026-09-20,58427.29,22170,14654,85.9,0.0366,0.0476,6,9,3,1,209.05,0.0173,288,137,120,0.0496,26,0,1,0
2026-09-21,43844.65,17419,11243,85.55,0.0373,0.0594,0,9,3,0,199.73,0.0179,307,120,109,0.0584,24,0,1,0
2026-09-22,32242.51,17791,11074,83.77,0.0326,0.0608,1,9,3,0,212.05,0.0177,281,116,151,0.057,30,0,1,0
2026-09-23,48614.52,19610,11277,92.49,0.0319,0.0534,2,9,3,0,205.72,0.0179,268,128,130,0.0512,25,0,1,0
2026-09-24,85224.65,21954,12846,83.11,0.0477,0.0209,3,9,3,0,217.62,0.0171,220,0,0,0.0552,32,0,0,0
2026-09-25,67963.12,22812,14702,77.5,0.0402,0.0218,4,9,3,0,206.07,0.0182,227,0,0,0.0533,22,0,0,0
2026-09-26,81308.73,25525,15341,82.27,0.0399,0.0215,5,9,3,1,212.49,0.0161,198,0,0,0.0509,26,0,0,0
2026-09-27,84644.14,22321,13485,93.3,0.0429,0.0308,6,9,3,1,208.48,0.0179,231,0,0,0.0522,31,0,0,0
2026-09-28,62619.59,17855,10981,90.58,0.0427,0.0232,0,9,3,0,210.92,0.0174,214,0,0,0.0609,12,0,0,0
2026-09-29,57034.04,18348,10940,84.6,0.0403,0.0291,1,9,3,0,209.62,0.016,216,0,0,0.0559,20,0,0,0
2026-09-30,75589.52,20218,11941,93.55,0.0421,0.0308,2,9,3,0,202.5,0.0166,217,0,0,0.0538,27,0,0,0
2026-10-01,89587.0,21913,13466,90.11,0.0467,0.0175,3,10,4,0,211.04,0.017,216,0,0,0.0517,27,0,0,0
2026-10-02,74691.07,22787,13435,84.53,0.0406,0.0226,4,10,4,0,206.18,0.0187,221,0,0,0.0617,29,0,0,0
2026-10-03,82877.76,25129,15154,85.09,0.0388,0.023,5,10,4,1,212.28,0.0197,222,0,0,0.0605,22,0,0,0
2026-10-04,95497.0,22751,13605,87.81,0.0458,0.0205,6,10,4,1,212.31,0.0175,200,0,0,0.0605,21,0,0,0
2026-10-05,54612.97,17622,11091,81.42,0.0399,0.0614,0,10,4,0,206.46,0.0175,346,0,0,0.1635,122,0,0,1
2026-10-06,52574.77,18044,11014,86.02,0.0365,0.0698,1,10,4,0,209.3,0.0175,357,0,0,0.1624,134,0,0,1
2026-10-07,54648.69,20359,12447,87.7,0.0337,0.0516,2,10,4,0,206.78,0.0182,359,0,0,0.1645,131,0,0,1
2026-10-08,61073.85,22076,14064,76.72,0.0362,0.0446,3,10,4,0,203.04,0.0194,314,0,0,0.1636,120,0,0,1
2026-10-09,65258.87,22281,13700,84.96,0.0382,0.0644,4,10,4,0,207.0,0.0196,356,0,0,0.1515,132,0,0,1
2026-10-10,81083.95,25023,15550,84.33,0.0419,0.0434,5,10,4,1,204.91,0.0187,355,0,0,0.1682,130,0,0,1
2026-10-11,69917.02,22472,14137,91.65,0.0353,0.0561,6,10,4,1,211.76,0.0174,320,0,0,0.1456,131,0,0,1
2026-10-12,44608.19,17864,11415,75.86,0.0381,0.0564,0,10,4,0,210.79,0.0176,339,0,0,0.1555,161,0,0,1
2026-10-13,55787.76,18522,11142,83.9,0.0404,0.0567,1,10,4,0,203.03,0.0184,374,0,0,0.158,156,0,0,1
2026-10-14,46216.55,19954,12278,83.35,0.0313,0.0764,2,10,4,0,205.79,0.0166,364,0,0,0.1605,157,0,0,1
2026-10-15,84179.52,22077,13456,91.28,0.0415,0.0473,3,10,4,0,212.76,0.0198,334,0,0,0.1587,132,0,0,1
2026-10-16,60591.31,22527,13429,85.76,0.0349,0.0617,4,10,4,0,209.25,0.0179,338,0,0,0.1495,113,0,0,1
2026-10-17,94680.69,25079,16124,95.88,0.0394,0.0378,5,10,4,1,204.85,0.0175,342,0,0,0.1497,141,0,0,1
2026-10-18,85367.68,22816,14265,89.64,0.0437,0.024,6,10,4,1,204.7,0.0194,218,0,0,0.0545,25,0,0,0
2026-10-19,66444.97,18087,11511,83.74,0.0463,0.0312,0,10,4,0,211.21,0.0185,213,0,0,0.0504,31,0,0,0
2026-10-20,61990.92,18593,11710,87.32,0.0447,0.0333,1,10,4,0,211.93,0.0172,226,0,0,0.048,22,0,0,0
2026-10-21,54860.75,20687,12774,84.05,0.0359,0.0268,2,10,4,0,205.24,0.0185,224,0,0,0.051,33,0,0,0
2026-10-22,74513.54,22108,14120,90.73,0.0406,0.0257,3,10,4,0,208.45,0.0157,213,0,0,0.0576,19,0,0,0
2026-10-23,73343.89,22969,14551,78.67,0.0434,0.0173,4,10,4,0,208.76,0.0174,215,0,0,0.0498,23,0,0,0
2026-10-24,85324.62,25442,16450,81.47,0.0424,0.0129,5,10,4,1,202.51,0.018,204,0,0,0.0568,11,0,0,0
2026-10-25,85177.26,23155,14186,88.51,0.0444,0.021,6,10,4,1,198.51,0.0186,227,0,0,0.0492,25,0,0,0
2026-10-26,74289.66,18087,11925,92.74,0.0454,0.0217,0,10,4,0,210.65,0.0186,193,0,0,0.0511,20,0,0,0
2026-10-27,62587.08,18706,11752,73.89,0.0448,0.0264,1,10,4,0,203.67,0.0166,213,0,0,0.0504,25,0,0,0
2026-10-28,77152.66,20529,13262,93.56,0.0424,0.0329,2,10,4,0,204.5,0.0196,222,0,0,0.0536,20,0,0,0
2026-10-29,68497.28,22680,14193,85.23,0.0375,0.0266,3,10,4,0,206.04,0.0199,219,0,0,0.0493,21,0,0,0
2026-10-30,63076.86,23133,14609,75.64,0.0416,0.0295,4,10,4,0,214.35,0.0189,236,0,0,0.057,22,0,0,0
2026-10-31,73724.5,25467,15104,69.49,0.0442,0.0172,5,10,4,1,202.86,0.0176,211,0,0,0.0555,17,0,0,0
2026-11-01,93692.71,26886,17339,83.59,0.0397,0.0283,6,11,4,1,202.17,0.0207,229,0,0,0.0555,26,0,0,0
2026-11-02,86690.11,21461,15115,91.89,0.0449,0.0208,0,11,4,0,214.43,0.0187,206,0,0,0.0564,27,0,0,0
2026-11-03,78172.82,22204,13661,91.64,0.0457,0.0301,1,11,4,0,203.03,0.0192,214,0,0,0.0564,18,0,0,0
2026-11-04,94612.37,24058,14892,95.48,0.0434,0.0223,2,11,4,0,211.97,0.0184,205,0,0,0.059,28,0,0,0
2026-11-05,75716.23,26390,16102,88.98,0.0338,0.024,3,11,4,0,206.55,0.0188,218,0,0,0.0508,21,0,0,0
2026-11-06,86812.95,27060,16515,85.91,0.0392,0.0219,4,11,4,0,206.62,0.0196,218,0,0,0.0567,20,0,0,0
2026-11-07,122748.38,30450,20148,89.73,0.0487,0.0218,5,11,4,1,206.56,0.0184,239,0,0,0.0577,30,0,0,0
2026-11-08,102743.25,27342,16630,92.18,0.0414,0.0224,6,11,4,1,209.55,0.0175,217,0,0,0.061,24,0,0,0
2026-11-09,67805.4,21460,13117,93.27,0.037,0.0371,0,11,4,0,204.58,0.0201,222,0,0,0.0419,31,0,0,0
2026-11-10,81848.42,21924,12610,87.66,0.0467,0.0241,1,11,4,0,209.96,0.0204,198,0,0,0.0572,22,0,0,0
2026-11-11,99137.96,24319,14722,96.96,0.043,0.0154,2,11,4,0,201.68,0.0172,201,0,0,0.0579,22,0,0,0
2026-11-12,107533.89,26740,15314,88.58,0.0463,0.0153,3,11,4,0,204.6,0.0186,222,0,0,0.0507,23,0,0,0
2026-11-13,102981.52,26996,17408,87.22,0.0438,0.0172,4,11,4,0,205.54,0.0161,223,0,0,0.0463,26,0,0,0
2026-11-14,110607.83,30521,21013,89.02,0.0444,0.0209,5,11,4,1,207.0,0.0184,194,0,0,0.0514,26,0,0,0
2026-11-15,122221.65,27550,16815,97.91,0.0441,0.0186,6,11,4,1,199.51,0.0161,194,0,0,0.0561,22,0,0,0
2026-11-16,44661.09,21160,12210,83.22,0.0313,0.0871,0,11,4,0,551.08,0.1139,360,0,0,0.06,25,1,0,0
2026-11-17,48205.41,21518,13765,80.13,0.036,0.0621,1,11,4,0,617.96,0.148,401,0,0,0.0475,29,0,0,0
2026-11-18,56544.32,23815,14219,89.04,0.0321,0.0806,2,11,4,0,631.56,0.1391,365,0,0,0.0581,22,0,0,0
2026-11-19,49536.54,25956,16780,95.74,0.0245,0.0736,3,11,4,0,445.12,0.086,329,0,0,0.057,19,1,0,0
2026-11-20,103610.02,27355,16856,93.15,0.0443,0.0243,4,11,4,0,203.06,0.0172,241,0,0,0.0534,19,0,0,0
2026-11-21,129901.9,30300,18157,98.79,0.0464,0.0168,5,11,4,1,205.62,0.0171,210,0,0,0.0579,24,0,0,0
2026-11-22,111540.59,27428,17017,97.7,0.0466,0.0186,6,11,4,1,210.52,0.0187,214,0,0,0.055,26,0,0,0
2026-11-23,77299.31,21625,13917,88.67,0.0417,0.0174,0,11,4,0,200.89,0.0185,206,0,0,0.0522,19,0,0,0
2026-11-24,97245.81,22609,13772,92.15,0.0465,0.019,1,11,4,0,202.16,0.0179,204,0,0,0.0554,20,0,0,0
2026-11-25,92354.04,24726,15012,84.95,0.0458,0.0159,2,11,4,0,200.9,0.0183,217,0,0,0.0601,28,0,0,0
2026-11-26,115225.29,27230,17084,90.87,0.0507,0.0144,3,11,4,0,214.31,0.0156,209,0,0,0.0546,11,0,0,0
2026-11-27,96816.88,27739,16262,88.56,0.0407,0.0188,4,11,4,0,205.91,0.017,224,0,0,0.0661,27,0,0,0
2026-11-28,108190.29,30384,19136,89.78,0.0415,0.0121,5,11,4,1,209.18,0.0201,203,0,0,0.046,23,0,0,0
2026-11-29,102278.05,27656,15965,87.88,0.0421,0.0186,6,11,4,1,212.65,0.0182,204,0,0,0.0559,15,0,0,0
2026-11-30,76063.24,21817,13317,90.42,0.0415,0.0302,0,11,4,0,199.91,0.0182,224,0,0,0.0577,28,0,0,0
2026-12-01,87613.24,23175,14789,94.93,0.0403,0.0191,1,12,4,0,208.15,0.0176,222,0,0,0.0475,19,0,0,0
2026-12-02,75858.75,25337,15875,91.34,0.0347,0.0319,2,12,4,0,201.81,0.0177,221,0,0,0.0539,28,0,0,0
2026-12-03,88763.99,28141,17650,81.75,0.0417,0.0185,3,12,4,0,210.08,0.0163,214,0,0,0.0596,21,0,0,0
2026-12-04,105026.47,28843,17682,87.9,0.0441,0.0136,4,12,4,0,207.29,0.0166,226,0,0,0.0588,32,0,0,0
2026-12-05,107548.52,31761,20764,83.64,0.0415,0.0174,5,12,4,1,205.43,0.0176,220,0,0,0.0542,26,0,0,0
2026-12-06,121688.79,28735,18386,93.34,0.0488,0.0141,6,12,4,1,207.7,0.0179,218,0,0,0.0615,17,0,0,0
2026-12-07,86185.24,22592,14208,94.77,0.043,0.017,0,12,4,0,203.71,0.0162,182,0,0,0.054,17,0,0,0
2026-12-08,93529.71,23179,14890,93.41,0.0469,0.0211,1,12,4,0,202.93,0.0162,218,0,0,0.0615,24,0,0,0
2026-12-09,86713.35,25544,16343,87.67,0.0438,0.0165,2,12,4,0,207.95,0.0171,213,0,0,0.0546,25,0,0,0
2026-12-10,116908.12,28508,17373,93.36,0.0455,0.0125,3,12,4,0,205.7,0.0174,206,0,0,0.0557,22,0,0,0
2026-12-11,106428.66,28934,17022,89.41,0.0438,0.0199,4,12,4,0,202.65,0.0179,199,0,0,0.0522,24,0,0,0
2026-12-12,123088.55,31798,19770,85.74,0.0471,0.0169,5,12,4,1,205.21,0.0181,231,0,0,0.0531,25,0,0,0
2026-12-13,119679.56,28999,18182,96.08,0.0432,0.0148,6,12,4,1,203.58,0.017,229,0,0,0.0552,29,0,0,0
2026-12-14,94880.72,23023,14990,96.5,0.0445,0.0166,0,12,4,0,208.72,0.0174,204,0,0,0.0588,22,0,0,0
2026-12-15,95774.54,23469,14118,97.22,0.0441,0.0174,1,12,4,0,205.95,0.0183,203,0,0,0.0571,19,0,0,0
2026-12-16,93779.41,25700,15200,88.65,0.0421,0.019,2,12,4,0,212.02,0.0175,210,0,0,0.055,29,0,0,0
2026-12-17,118526.48,28748,17946,98.49,0.0442,0.0161,3,12,4,0,206.96,0.016,207,0,0,0.0617,23,0,0,0
2026-12-18,119009.99,28860,17719,89.29,0.0497,0.0202,4,12,4,0,204.39,0.0165,230,0,0,0.0536,21,0,0,0
2026-12-19,123641.42,32002,18156,95.59,0.0422,0.0149,5,12,4,1,206.73,0.0177,246,0,0,0.0536,31,0,0,0
2026-12-20,106710.26,29119,18308,89.19,0.0443,0.0183,6,12,4,1,207.69,0.0178,198,0,0,0.0563,18,0,0,0
2026-12-21,96539.09,23058,13184,90.77,0.0468,0.0195,0,12,4,0,205.87,0.0194,205,0,0,0.0526,25,0,0,0
2026-12-22,78900.95,23368,14129,78.68,0.0464,0.0307,1,12,4,0,204.79,0.0191,217,0,0,0.0542,22,0,0,0
2026-12-23,93494.36,26121,16919,90.34,0.043,0.015,2,12,4,0,201.76,0.0193,224,0,0,0.0541,25,0,0,0
2026-12-24,90177.0,28367,18984,92.5,0.0358,0.0255,3,12,4,0,208.51,0.0193,218,0,0,0.0577,23,0,0,0
2026-12-25,104724.53,28977,17147,89.74,0.0446,0.0181,4,12,4,0,206.83,0.0187,226,0,0,0.0508,21,0,0,0
2026-12-26,116933.38,32125,19581,101.66,0.0363,0.0188,5,12,4,1,218.72,0.0148,207,0,0,0.0583,21,0,0,0
2026-12-27,112665.24,29113,18004,85.61,0.0474,0.0123,6,12,4,1,208.05,0.0176,214,0,0,0.0569,20,0,0,0
2026-12-28,86278.09,23069,15238,88.9,0.0435,0.0241,0,12,4,0,211.72,0.0179,206,0,0,0.0561,20,0,0,0
2026-12-29,88953.78,23585,14334,87.02,0.046,0.027,1,12,4,0,205.05,0.0187,242,0,0,0.0484,21,0,0,0
2026-12-30,90009.2,25967,15835,88.9,0.0403,0.0239,2,12,4,0,202.16,0.0166,216,0,0,0.0607,18,0,0,0
2026-12-31,109005.17,28691,18845,97.67,0.0383,0.0216,3,12,4,0,205.89,0.0188,207,0,0,0.0665,20,0,0,0
