date,total_tickets,shipping_complaint_tickets,checkout_issue_tickets,billing_issue_tickets,account_access_tickets,general_support_tickets,checkout_complaints,delivery_complaints,inventory_complaints,refund_requests,avg_first_response_minutes,incident_flag,incident_type
2025-01-01,118,27,13,15,12,51,13,27,9,19,49.5,False,normal
2025-01-02,132,21,11,12,22,66,11,21,12,16,33.0,False,normal
2025-01-03,127,22,13,10,23,59,13,22,11,15,37.9,False,normal
2025-01-04,138,28,13,12,22,63,13,28,11,13,48.1,False,normal
2025-01-05,124,19,9,17,27,52,9,19,9,19,51.9,False,normal
2025-01-06,130,22,12,13,24,59,12,22,11,12,52.0,False,normal
2025-01-07,127,19,9,12,26,61,9,19,11,17,37.8,False,normal
2025-01-08,100,17,13,12,18,40,13,17,7,17,50.8,False,normal
2025-01-09,137,17,13,14,25,68,13,17,12,10,41.2,False,normal
2025-01-10,151,21,16,17,26,71,16,21,13,16,52.5,False,normal
2025-01-11,135,31,11,11,24,58,11,31,10,14,45.2,False,normal
2025-01-12,143,31,16,19,19,58,16,31,10,16,35.3,False,normal
2025-01-13,110,11,11,15,26,47,11,11,8,21,47.2,False,normal
2025-01-14,114,17,12,9,23,53,12,17,10,16,45.0,False,normal
2025-01-15,119,28,10,14,14,53,10,28,10,13,45.5,False,normal
2025-01-16,119,16,8,21,11,63,8,16,11,20,38.1,False,normal
2025-01-17,123,27,5,14,25,52,5,27,9,16,43.3,False,normal
2025-01-18,148,25,10,15,24,74,10,25,13,14,35.7,False,normal
2025-01-19,141,24,15,22,17,63,15,24,11,22,43.9,False,normal
2025-01-20,114,18,10,16,21,49,10,18,9,19,49.9,False,normal
2025-01-21,139,22,13,13,25,66,13,22,12,21,36.1,False,normal
2025-01-22,131,27,17,13,17,57,17,27,10,22,34.3,False,normal
2025-01-23,144,20,19,18,24,63,19,20,11,18,34.3,False,normal
2025-01-24,130,20,20,19,22,49,20,20,9,15,34.8,False,normal
2025-01-25,158,33,16,15,27,67,16,33,12,14,39.9,False,normal
2025-01-26,146,24,17,10,30,65,17,24,12,13,43.4,False,normal
2025-01-27,85,21,8,8,16,32,8,21,6,14,54.7,False,normal
2025-01-28,115,18,18,15,13,51,18,18,9,14,37.5,False,normal
2025-01-29,142,26,11,16,23,66,11,26,12,19,34.5,False,normal
2025-01-30,115,20,12,8,14,61,12,20,11,7,41.3,False,normal
2025-01-31,161,35,17,14,29,66,17,35,12,18,46.6,False,normal
2025-02-01,158,25,20,22,25,66,20,25,12,17,40.8,False,normal
2025-02-02,162,29,11,22,31,69,11,29,12,18,26.5,False,normal
2025-02-03,133,26,11,13,22,61,11,26,11,15,44.0,False,normal
2025-02-04,120,26,7,16,18,53,7,26,10,18,32.8,False,normal
2025-02-05,133,22,7,18,23,63,7,22,11,14,35.5,False,normal
2025-02-06,145,39,17,9,18,62,17,39,11,12,28.4,False,normal
2025-02-07,173,25,16,20,39,73,16,25,13,16,41.5,False,normal
2025-02-08,153,27,16,28,23,59,16,27,11,24,24.7,False,normal
2025-02-09,143,26,18,19,21,59,18,26,11,21,28.9,False,normal
2025-02-10,128,23,12,16,19,58,12,23,10,10,56.2,False,normal
2025-02-11,117,7,11,15,27,57,11,7,10,11,42.0,False,normal
2025-02-12,133,31,13,15,18,56,13,31,10,16,30.5,False,normal
2025-02-13,140,29,14,7,24,66,14,29,12,13,24.9,False,normal
2025-02-14,154,35,22,19,15,63,22,35,11,17,43.6,False,normal
2025-02-15,170,37,16,20,28,69,16,37,12,19,46.6,False,normal
2025-02-16,131,23,11,19,23,55,11,23,10,20,51.5,False,normal
2025-02-17,130,30,13,19,16,52,13,30,9,17,39.0,False,normal
2025-02-18,114,14,13,17,18,52,13,14,9,15,40.2,False,normal
2025-02-19,140,30,19,17,16,58,19,30,10,21,50.9,False,normal
2025-02-20,138,33,11,16,24,54,11,33,10,16,26.1,False,normal
2025-02-21,154,29,13,20,26,66,13,29,12,15,35.3,False,normal
2025-02-22,156,27,16,17,26,70,16,27,13,17,45.0,False,normal
2025-02-23,150,26,18,17,26,63,18,26,11,10,51.8,False,normal
2025-02-24,105,24,9,10,18,44,9,24,8,12,42.4,False,normal
2025-02-25,144,32,14,14,27,57,14,32,10,14,28.4,False,normal
2025-02-26,114,9,13,12,22,58,13,9,10,12,43.6,False,normal
2025-02-27,152,33,17,12,24,66,17,33,12,16,36.8,False,normal
2025-02-28,159,23,23,15,25,73,23,23,13,13,35.7,False,normal
2025-03-01,169,43,19,17,21,69,19,43,12,15,40.0,False,normal
2025-03-02,180,31,19,20,31,79,19,31,14,20,46.2,False,normal
2025-03-03,132,29,15,18,10,60,15,29,11,18,55.6,False,normal
2025-03-04,130,25,10,15,21,59,10,25,11,19,44.7,False,normal
2025-03-05,150,33,17,15,25,60,17,33,11,16,47.3,False,normal
2025-03-06,178,42,23,19,24,70,23,42,13,19,32.9,False,normal
2025-03-07,167,31,17,25,22,72,17,31,13,18,53.8,False,normal
2025-03-08,163,36,17,13,31,66,17,36,12,17,44.5,False,normal
2025-03-09,169,27,24,14,29,75,24,27,14,19,39.5,False,normal
2025-03-10,156,29,19,15,25,68,19,29,12,15,41.8,False,normal
2025-03-11,129,25,11,17,24,52,11,25,9,17,44.2,False,normal
2025-03-12,126,20,14,19,24,49,14,20,9,18,44.5,False,normal
2025-03-13,152,29,7,24,28,64,7,29,12,18,45.6,False,normal
2025-03-14,151,23,15,16,27,70,15,23,13,21,43.3,False,normal
2025-03-15,153,24,13,26,22,68,13,24,12,25,38.2,False,normal
2025-03-16,156,38,16,16,35,51,16,38,9,14,40.5,False,normal
2025-03-17,136,24,13,17,28,54,13,24,10,16,36.9,False,normal
2025-03-18,297,24,89,38,55,91,89,24,16,35,55.2,True,failed_deployment
2025-03-19,264,24,74,20,63,83,74,24,15,25,59.8,True,failed_deployment
2025-03-20,310,31,106,17,62,94,106,31,17,26,54.2,True,failed_deployment
2025-03-21,153,30,13,17,28,65,13,30,12,12,39.9,False,normal
2025-03-22,182,35,23,16,31,77,23,35,14,14,45.8,False,normal
2025-03-23,147,26,15,22,20,64,15,26,12,17,35.7,False,normal
2025-03-24,128,23,18,13,28,46,18,23,8,16,48.0,False,normal
2025-03-25,130,28,8,14,22,58,8,28,10,10,45.9,False,normal
2025-03-26,155,38,11,21,20,65,11,38,12,13,44.4,False,normal
2025-03-27,171,36,27,18,21,69,27,36,12,10,50.4,False,normal
2025-03-28,162,24,17,20,27,74,17,24,13,19,34.0,False,normal
2025-03-29,165,26,12,19,37,71,12,26,13,17,48.0,False,normal
2025-03-30,165,30,27,15,28,65,27,30,12,20,51.8,False,normal
2025-03-31,120,20,11,12,15,62,11,20,11,12,46.3,False,normal
2025-04-01,139,30,11,19,20,59,11,30,11,19,31.7,False,normal
2025-04-02,150,26,20,18,21,65,20,26,12,17,46.2,False,normal
2025-04-03,161,24,16,21,19,81,16,24,15,19,39.8,False,normal
2025-04-04,120,19,8,15,12,66,8,19,12,14,40.1,False,normal
2025-04-05,159,29,27,9,23,71,27,29,13,10,47.4,False,normal
2025-04-06,170,37,16,23,28,66,16,37,12,21,37.2,False,normal
2025-04-07,133,27,6,18,21,61,6,27,11,17,51.0,False,normal
2025-04-08,136,20,17,17,24,58,17,20,10,14,41.4,False,normal
2025-04-09,134,16,11,14,31,62,11,16,11,16,31.7,False,normal
2025-04-10,187,38,17,20,30,82,17,38,33,17,49.1,True,inventory_shortage
2025-04-11,164,36,22,23,19,64,22,36,30,24,54.2,True,inventory_shortage
2025-04-12,164,29,20,16,20,79,20,29,32,18,47.0,True,inventory_shortage
2025-04-13,179,20,21,25,33,80,21,20,32,21,62.1,True,inventory_shortage
2025-04-14,136,20,8,17,20,71,8,20,31,17,66.2,True,inventory_shortage
2025-04-15,156,22,12,31,21,70,12,22,31,21,62.6,True,inventory_shortage
2025-04-16,142,21,12,17,19,73,12,21,31,13,60.3,True,inventory_shortage
2025-04-17,156,28,17,24,24,63,17,28,29,17,51.0,True,inventory_shortage
2025-04-18,171,29,17,24,32,69,17,29,30,21,65.8,True,inventory_shortage
2025-04-19,174,33,17,20,23,81,17,33,33,19,60.0,True,inventory_shortage
2025-04-20,187,37,11,35,22,82,11,37,33,31,65.7,True,inventory_shortage
2025-04-21,146,26,13,16,23,68,13,26,12,18,47.3,False,normal
2025-04-22,148,32,17,12,28,59,17,32,11,16,34.5,False,normal
2025-04-23,148,26,12,21,28,61,12,26,11,16,51.7,False,normal
2025-04-24,143,21,18,13,17,74,18,21,13,11,31.7,False,normal
2025-04-25,159,32,19,15,20,73,19,32,13,14,50.1,False,normal
2025-04-26,159,38,13,25,28,55,13,38,10,17,52.5,False,normal
2025-04-27,177,46,17,13,32,69,17,46,12,13,40.1,False,normal
2025-04-28,134,22,13,17,25,57,13,22,10,14,35.0,False,normal
2025-04-29,140,27,12,19,21,61,12,27,11,15,41.0,False,normal
2025-04-30,157,23,18,19,24,73,18,23,13,20,46.3,False,normal
2025-05-01,147,23,13,18,34,59,13,23,11,18,49.0,False,normal
2025-05-02,159,29,22,15,22,71,22,29,13,13,39.0,False,normal
2025-05-03,135,29,12,14,16,64,12,29,12,22,47.3,False,normal
2025-05-04,159,35,19,16,27,62,19,35,11,16,32.7,False,normal
2025-05-05,214,118,11,22,21,42,11,118,8,25,59.0,True,shipping_disruption
2025-05-06,243,123,17,25,22,56,17,123,10,25,70.5,True,shipping_disruption
2025-05-07,244,125,18,19,15,67,18,125,12,22,51.4,True,shipping_disruption
2025-05-08,245,121,16,24,16,68,16,121,12,29,63.6,True,shipping_disruption
2025-05-09,263,127,12,24,27,73,12,127,13,30,54.8,True,shipping_disruption
2025-05-10,281,123,19,30,17,92,19,123,17,30,58.7,True,shipping_disruption
2025-05-11,259,112,17,18,27,85,17,112,15,20,51.9,True,shipping_disruption
2025-05-12,243,119,15,28,19,62,15,119,11,27,59.6,True,shipping_disruption
2025-05-13,233,105,14,22,21,71,14,105,13,26,68.5,True,shipping_disruption
2025-05-14,283,128,18,24,26,87,18,128,16,26,65.0,True,shipping_disruption
2025-05-15,180,22,22,23,32,81,22,22,15,23,40.6,False,normal
2025-05-16,164,36,20,21,27,60,20,36,11,20,43.9,False,normal
2025-05-17,185,39,15,24,25,82,15,39,15,20,38.0,False,normal
2025-05-18,171,25,18,18,35,75,18,25,14,14,41.9,False,normal
2025-05-19,127,22,15,13,21,56,15,22,10,15,46.8,False,normal
2025-05-20,145,17,12,25,20,71,12,17,13,20,51.4,False,normal
2025-05-21,144,26,15,23,24,56,15,26,10,23,27.6,False,normal
2025-05-22,167,26,24,17,31,69,24,26,12,19,33.9,False,normal
2025-05-23,139,20,11,16,27,65,11,20,12,16,47.6,False,normal
2025-05-24,170,35,21,20,30,64,21,35,12,21,24.4,False,normal
2025-05-25,168,24,22,22,26,74,22,24,13,18,33.6,False,normal
2025-05-26,142,28,15,14,27,58,15,28,10,13,42.4,False,normal
2025-05-27,112,17,11,14,22,48,11,17,9,17,49.6,False,normal
2025-05-28,154,29,18,23,23,61,18,29,11,23,34.6,False,normal
2025-05-29,157,22,18,21,24,72,18,22,13,20,56.0,False,normal
2025-05-30,163,34,19,22,20,68,19,34,12,20,40.6,False,normal
2025-05-31,166,21,16,27,33,69,16,21,12,25,44.1,False,normal
2025-06-01,161,32,21,13,28,67,21,32,12,16,36.4,False,normal
2025-06-02,136,38,21,10,17,50,21,38,9,15,42.8,False,normal
2025-06-03,142,30,17,17,27,51,17,30,9,12,39.9,False,normal
2025-06-04,146,23,14,15,26,68,14,23,12,17,48.2,False,normal
2025-06-05,185,41,13,24,29,78,13,41,14,20,44.7,False,normal
2025-06-06,151,39,12,15,22,63,12,39,11,16,49.8,False,normal
2025-06-07,152,32,23,14,19,64,23,32,12,18,53.2,False,normal
2025-06-08,158,26,24,25,22,61,24,26,11,20,36.9,False,normal
2025-06-09,147,29,10,14,30,64,10,29,12,12,49.1,False,normal
2025-06-10,149,37,14,10,23,65,14,37,12,12,38.6,False,normal
2025-06-11,159,24,18,23,23,71,18,24,13,23,36.0,False,normal
2025-06-12,155,29,21,17,17,71,21,29,13,17,43.3,False,normal
2025-06-13,176,30,20,18,31,77,20,30,14,19,32.5,False,normal
2025-06-14,162,36,15,15,27,69,15,36,12,17,51.8,False,normal
2025-06-15,155,27,12,26,24,66,12,27,12,18,32.0,False,normal
2025-06-16,135,14,15,13,24,69,15,14,12,14,32.0,False,normal
2025-06-17,135,29,10,16,16,64,10,29,12,10,41.4,False,normal
2025-06-18,156,26,17,25,27,61,17,26,11,21,51.9,False,normal
2025-06-19,169,36,15,25,32,61,15,36,11,25,44.6,False,normal
2025-06-20,147,27,23,18,26,53,23,27,10,19,36.3,False,normal
2025-06-21,155,34,12,18,23,68,12,34,12,17,39.7,False,normal
2025-06-22,156,21,25,20,17,73,25,21,13,14,46.8,False,normal
2025-06-23,131,24,10,17,23,57,10,24,10,16,31.0,False,normal
2025-06-24,139,18,20,13,27,61,20,18,11,16,47.3,False,normal
2025-06-25,130,16,10,21,29,54,10,16,10,21,41.3,False,normal
2025-06-26,178,39,16,20,29,74,16,39,13,18,31.8,False,normal
2025-06-27,175,33,24,22,29,67,24,33,12,18,53.6,False,normal
2025-06-28,182,34,23,19,29,77,23,34,14,13,51.2,False,normal
2025-06-29,173,29,22,20,29,73,22,29,13,14,48.0,False,normal
2025-06-30,165,35,15,20,38,57,15,35,10,14,37.4,False,normal
2025-07-01,148,31,17,15,26,59,17,31,11,16,32.4,False,normal
2025-07-02,146,32,17,19,24,54,17,32,10,22,31.5,False,normal
2025-07-03,165,31,15,22,27,70,15,31,13,18,46.4,False,normal
2025-07-04,158,27,17,20,19,75,17,27,14,19,44.5,False,normal
2025-07-05,155,30,17,12,30,66,17,30,12,18,39.5,False,normal
2025-07-06,167,34,27,12,24,70,27,34,13,17,44.3,False,normal
2025-07-07,133,21,17,15,27,53,17,21,10,18,39.4,False,normal
2025-07-08,132,17,12,12,32,59,12,17,11,14,33.6,False,normal
2025-07-09,142,24,15,13,25,65,15,24,12,14,37.7,False,normal
2025-07-10,161,34,18,16,22,71,18,34,13,18,42.0,False,normal
2025-07-11,174,28,21,23,37,65,21,28,12,21,54.1,False,normal
2025-07-12,147,21,16,15,40,55,16,21,10,15,43.0,False,normal
2025-07-13,166,34,26,17,26,63,26,34,11,14,35.0,False,normal
2025-07-14,131,19,9,15,25,63,9,19,11,19,47.0,False,normal
2025-07-15,135,22,17,15,12,69,17,22,12,18,51.3,False,normal
2025-07-16,148,25,22,19,30,52,22,25,9,14,37.0,False,normal
2025-07-17,130,16,12,15,19,68,12,16,12,18,49.5,False,normal
2025-07-18,159,32,12,20,21,74,12,32,13,20,43.9,False,normal
2025-07-19,167,32,22,24,23,66,22,32,12,21,38.3,False,normal
2025-07-20,175,37,26,17,28,67,26,37,12,18,28.3,False,normal
2025-07-21,123,18,13,14,18,60,13,18,11,11,34.3,False,normal
2025-07-22,216,31,52,25,39,69,52,31,12,26,51.3,True,failed_deployment
2025-07-23,207,32,51,20,33,71,51,32,13,26,46.0,True,failed_deployment
2025-07-24,155,26,17,20,21,71,17,26,13,20,21.5,False,normal
2025-07-25,176,31,19,24,29,73,19,31,13,18,47.2,False,normal
2025-07-26,167,25,21,18,23,80,21,25,14,18,32.8,False,normal
2025-07-27,163,30,21,21,28,63,21,30,11,21,47.4,False,normal
2025-07-28,141,29,11,16,17,68,11,29,12,15,43.9,False,normal
2025-07-29,144,18,17,14,32,63,17,18,11,16,42.8,False,normal
2025-07-30,155,29,16,19,20,71,16,29,13,17,47.7,False,normal
2025-07-31,163,28,16,23,24,72,16,28,13,25,36.8,False,normal
2025-08-01,158,32,16,24,17,69,16,32,12,20,41.4,False,normal
2025-08-02,178,36,12,23,32,75,12,36,14,20,31.8,False,normal
2025-08-03,167,39,17,13,26,72,17,39,13,13,53.7,False,normal
2025-08-04,144,24,13,14,31,62,13,24,11,13,37.8,False,normal
2025-08-05,144,19,8,28,21,68,8,19,12,27,44.6,False,normal
2025-08-06,150,31,11,16,26,66,11,31,12,15,58.3,False,normal
2025-08-07,156,27,21,26,21,61,21,27,11,21,31.4,False,normal
2025-08-08,163,31,21,19,20,72,21,31,13,20,51.3,False,normal
2025-08-09,170,28,16,22,28,76,16,28,14,19,36.0,False,normal
2025-08-10,158,27,20,15,21,75,20,27,14,20,40.5,False,normal
2025-08-11,116,21,15,14,23,43,15,21,8,14,43.4,False,normal
2025-08-12,150,38,9,20,18,65,9,38,23,18,59.9,True,inventory_shortage
2025-08-13,159,27,20,20,20,72,20,27,25,15,54.2,True,inventory_shortage
2025-08-14,170,40,9,16,29,76,9,40,25,12,72.5,True,inventory_shortage
2025-08-15,183,38,17,24,19,85,17,38,27,17,61.3,True,inventory_shortage
2025-08-16,174,28,21,22,19,84,21,28,27,17,47.4,True,inventory_shortage
2025-08-17,186,24,28,26,34,74,28,24,25,18,61.8,True,inventory_shortage
2025-08-18,163,33,18,17,32,63,18,33,23,16,61.1,True,inventory_shortage
2025-08-19,141,41,15,10,20,55,15,41,10,13,51.0,False,normal
2025-08-20,151,23,15,22,22,69,15,23,12,16,45.9,False,normal
2025-08-21,163,35,18,16,22,72,18,35,13,15,49.7,False,normal
2025-08-22,162,30,21,23,25,63,21,30,11,23,50.4,False,normal
2025-08-23,179,42,19,18,38,62,19,42,11,17,38.3,False,normal
2025-08-24,163,30,21,21,20,71,21,30,13,20,51.8,False,normal
2025-08-25,133,18,16,17,28,54,16,18,10,16,31.0,False,normal
2025-08-26,139,32,18,19,27,43,18,32,8,20,21.2,False,normal
2025-08-27,164,30,19,13,21,81,19,30,15,16,52.5,False,normal
2025-08-28,143,33,14,15,17,64,14,33,12,14,50.4,False,normal
2025-08-29,135,21,19,28,22,45,19,21,8,21,48.6,False,normal
2025-08-30,168,36,21,21,18,72,21,36,13,15,49.9,False,normal
2025-08-31,151,27,14,24,20,66,14,27,12,21,43.2,False,normal
2025-09-01,153,27,15,16,23,72,15,27,13,12,38.9,False,normal
2025-09-02,133,27,18,11,25,52,18,27,9,17,47.3,False,normal
2025-09-03,160,25,17,18,18,82,17,25,15,19,29.4,False,normal
2025-09-04,161,28,22,24,28,59,22,28,11,19,40.1,False,normal
2025-09-05,186,40,25,17,29,75,25,40,14,14,37.6,False,normal
2025-09-06,183,25,25,28,19,86,25,25,15,23,34.1,False,normal
2025-09-07,180,37,21,20,17,85,21,37,15,11,37.2,False,normal
2025-09-08,123,24,12,16,26,45,12,24,8,19,36.6,False,normal
2025-09-09,159,25,14,23,20,77,14,25,14,16,27.9,False,normal
2025-09-10,153,28,13,24,16,72,13,28,13,26,56.3,False,normal
2025-09-11,168,34,15,20,33,66,15,34,12,21,55.5,False,normal
2025-09-12,178,41,24,13,28,72,24,41,13,14,37.9,False,normal
2025-09-13,176,39,22,11,20,84,22,39,15,16,30.2,False,normal
2025-09-14,174,38,21,21,33,61,21,38,11,18,38.4,False,normal
2025-09-15,191,65,7,25,20,74,7,65,13,24,67.3,True,shipping_disruption
2025-09-16,185,60,16,19,22,68,16,60,12,26,59.0,True,shipping_disruption
2025-09-17,206,58,23,27,22,76,23,58,14,24,54.6,True,shipping_disruption
2025-09-18,218,69,23,30,26,70,23,69,13,30,62.8,True,shipping_disruption
2025-09-19,236,58,24,32,35,87,24,58,16,23,49.9,True,shipping_disruption
2025-09-20,173,25,20,22,35,71,20,25,13,18,46.9,False,normal
2025-09-21,141,27,18,11,28,57,18,27,10,13,45.9,False,normal
2025-09-22,162,28,12,20,27,75,12,28,14,13,43.8,False,normal
2025-09-23,160,28,18,23,29,62,18,28,11,21,42.9,False,normal
2025-09-24,151,25,17,17,22,70,17,25,13,17,45.9,False,normal
2025-09-25,170,31,24,17,24,74,24,31,13,19,54.3,False,normal
2025-09-26,184,31,16,18,42,77,16,31,14,20,37.3,False,normal
2025-09-27,161,28,18,13,28,74,18,28,13,11,38.4,False,normal
2025-09-28,139,22,14,22,24,57,14,22,10,22,40.3,False,normal
2025-09-29,106,15,13,11,22,45,13,15,8,11,36.0,False,normal
2025-09-30,144,30,17,15,20,62,17,30,11,16,38.5,False,normal
2025-10-01,170,35,17,19,17,82,17,35,15,19,44.4,False,normal
2025-10-02,164,24,12,25,35,68,12,24,12,19,42.9,False,normal
2025-10-03,185,37,27,17,38,66,27,37,12,18,45.1,False,normal
2025-10-04,176,36,20,26,35,59,20,36,11,19,42.6,False,normal
2025-10-05,167,29,15,22,36,65,15,29,12,18,38.7,False,normal
2025-10-06,145,27,15,27,14,62,15,27,11,21,50.4,False,normal
2025-10-07,144,32,11,22,18,61,11,32,11,14,39.4,False,normal
2025-10-08,328,23,108,44,71,82,108,23,15,34,50.6,True,failed_deployment
2025-10-09,391,33,131,38,73,116,131,33,21,34,69.6,True,failed_deployment
2025-10-10,349,32,126,30,71,90,126,32,16,29,46.6,True,failed_deployment
2025-10-11,311,22,52,36,92,109,52,22,20,33,52.3,True,failed_deployment
2025-10-12,177,34,19,15,32,77,19,34,14,15,54.5,False,normal
2025-10-13,146,26,9,18,26,67,9,26,12,17,25.5,False,normal
2025-10-14,154,21,19,22,26,66,19,21,12,19,45.9,False,normal
2025-10-15,144,28,22,13,20,61,22,28,11,12,38.6,False,normal
2025-10-16,177,26,13,20,28,90,13,26,16,17,54.3,False,normal
2025-10-17,154,34,21,15,29,55,21,34,10,17,47.3,False,normal
2025-10-18,166,45,21,15,18,67,21,45,12,17,47.1,False,normal
2025-10-19,158,42,14,13,26,63,14,42,11,15,43.6,False,normal
2025-10-20,152,31,17,15,19,70,17,31,13,22,48.5,False,normal
2025-10-21,123,18,15,12,27,51,15,18,9,17,49.4,False,normal
2025-10-22,161,31,15,18,21,76,15,31,14,18,54.4,False,normal
2025-10-23,166,25,23,23,30,65,23,25,12,22,32.1,False,normal
2025-10-24,156,23,14,26,27,66,14,23,12,22,47.7,False,normal
2025-10-25,186,38,20,25,26,77,20,38,14,23,44.8,False,normal
2025-10-26,171,24,25,21,18,83,25,24,15,18,36.9,False,normal
2025-10-27,113,23,9,9,21,51,9,23,9,11,49.4,False,normal
2025-10-28,140,27,16,16,23,58,16,27,10,16,34.4,False,normal
2025-10-29,149,21,17,17,30,64,17,21,12,20,28.3,False,normal
2025-10-30,187,32,24,23,24,84,24,32,15,19,36.5,False,normal
2025-10-31,169,27,24,12,33,73,24,27,13,12,39.9,False,normal
2025-11-01,166,35,24,16,27,64,24,35,12,13,38.8,False,normal
2025-11-02,179,46,21,20,29,63,21,46,11,13,33.9,False,normal
2025-11-03,164,33,25,21,27,58,25,33,10,16,48.3,False,normal
2025-11-04,168,30,23,10,32,73,23,30,13,14,59.8,False,normal
2025-11-05,159,40,17,21,12,69,17,40,12,17,44.5,False,normal
2025-11-06,188,46,22,17,34,69,22,46,12,20,24.6,False,normal
2025-11-07,168,38,18,18,31,63,18,38,11,16,22.1,False,normal
2025-11-08,143,23,20,20,28,52,20,23,9,21,45.0,False,normal
2025-11-09,164,41,16,14,20,73,16,41,13,13,32.6,False,normal
2025-11-10,160,39,21,16,21,63,21,39,11,14,44.5,False,normal
2025-11-11,172,32,17,13,31,79,17,32,14,9,45.4,False,normal
2025-11-12,158,32,12,13,25,76,12,32,14,10,44.6,False,normal
2025-11-13,192,36,24,33,29,70,24,36,13,26,29.7,False,normal
2025-11-14,171,38,18,19,26,70,18,38,13,19,43.0,False,normal
2025-11-15,179,36,23,17,36,67,23,36,12,14,42.6,False,normal
2025-11-16,151,22,18,21,27,63,18,22,11,16,31.8,False,normal
2025-11-17,166,26,21,23,29,67,21,26,12,22,56.5,False,normal
2025-11-18,173,28,20,19,23,83,20,28,15,19,53.8,False,normal
2025-11-19,173,35,17,24,33,64,17,35,12,16,46.7,False,normal
2025-11-20,184,35,21,26,18,84,21,35,15,16,43.4,False,normal
2025-11-21,164,28,22,28,29,57,22,28,10,18,44.4,False,normal
2025-11-22,152,27,15,19,25,66,15,27,12,20,44.6,False,normal
2025-11-23,154,29,6,18,31,70,6,29,13,21,40.3,False,normal
2025-11-24,168,36,12,27,22,71,12,36,13,24,55.9,False,normal
2025-11-25,174,32,15,21,31,75,15,32,14,19,33.2,False,normal
2025-11-26,173,29,10,27,27,80,10,29,14,21,43.0,False,normal
2025-11-27,177,45,15,14,26,77,15,45,14,14,45.0,False,normal
2025-11-28,171,25,22,20,33,71,22,25,13,12,32.0,False,normal
2025-11-29,139,23,19,20,19,58,19,23,10,21,56.3,False,normal
2025-11-30,167,46,14,26,24,57,14,46,10,20,44.2,False,normal
2025-12-01,162,34,19,18,25,66,19,34,12,14,38.9,False,normal
2025-12-02,165,18,17,20,37,73,17,18,13,20,58.2,False,normal
2025-12-03,206,38,21,28,34,85,21,38,40,26,69.1,True,inventory_shortage
2025-12-04,192,41,15,29,22,85,15,41,40,25,68.2,True,inventory_shortage
2025-12-05,210,32,17,35,30,96,17,32,42,24,57.6,True,inventory_shortage
2025-12-06,156,19,20,26,22,69,20,19,37,23,54.1,True,inventory_shortage
2025-12-07,170,25,15,28,27,75,15,25,38,23,67.4,True,inventory_shortage
2025-12-08,174,35,17,30,12,80,17,35,39,26,58.5,True,inventory_shortage
2025-12-09,153,28,12,22,24,67,12,28,36,20,57.5,True,inventory_shortage
2025-12-10,178,36,16,35,19,72,16,36,37,28,64.0,True,inventory_shortage
2025-12-11,179,34,18,28,30,69,18,34,37,20,61.2,True,inventory_shortage
2025-12-12,190,43,23,28,19,77,23,43,38,20,53.8,True,inventory_shortage
2025-12-13,178,34,17,22,34,71,17,34,37,21,59.4,True,inventory_shortage
2025-12-14,188,34,19,30,27,78,19,34,38,24,44.1,True,inventory_shortage
2025-12-15,176,25,17,23,27,84,17,25,39,17,53.9,True,inventory_shortage
2025-12-16,183,36,15,24,25,83,15,36,39,21,68.7,True,inventory_shortage
2025-12-17,145,30,14,19,21,61,14,30,11,20,50.9,False,normal
2025-12-18,167,39,20,25,28,55,20,39,10,18,53.7,False,normal
2025-12-19,170,36,24,17,38,55,24,36,10,15,47.9,False,normal
2025-12-20,175,30,18,22,34,71,18,30,13,19,32.7,False,normal
2025-12-21,151,28,14,22,26,61,14,28,11,20,46.2,False,normal
2025-12-22,174,30,24,18,30,72,24,30,13,17,46.5,False,normal
2025-12-23,188,46,17,17,23,85,17,46,15,21,45.7,False,normal
2025-12-24,159,20,22,24,25,68,22,20,12,22,55.2,False,normal
2025-12-25,178,30,23,16,26,83,23,30,15,17,44.4,False,normal
2025-12-26,163,35,24,15,21,68,24,35,12,17,36.4,False,normal
2025-12-27,151,29,12,18,27,65,12,29,12,19,48.8,False,normal
2025-12-28,142,29,17,20,21,55,17,29,10,13,39.4,False,normal
2025-12-29,180,41,16,22,18,83,16,41,15,22,45.4,False,normal
2025-12-30,174,38,20,11,26,79,20,38,14,9,49.8,False,normal
2025-12-31,160,33,29,17,19,62,29,33,11,19,30.2,False,normal
2026-01-01,174,31,19,25,26,73,19,31,13,22,43.5,False,normal
2026-01-02,168,32,14,12,24,86,14,32,15,15,39.5,False,normal
2026-01-03,162,34,14,20,25,69,14,34,12,12,51.1,False,normal
2026-01-04,164,28,21,15,24,76,21,28,14,18,39.3,False,normal
2026-01-05,167,29,20,23,27,68,20,29,12,23,51.2,False,normal
2026-01-06,164,32,22,16,20,74,22,32,13,15,48.1,False,normal
2026-01-07,152,36,17,17,22,60,17,36,11,14,35.7,False,normal
2026-01-08,159,24,10,23,25,77,10,24,14,20,55.2,False,normal
2026-01-09,179,40,19,24,30,66,19,40,12,18,39.7,False,normal
2026-01-10,158,28,12,22,30,66,12,28,12,20,54.9,False,normal
2026-01-11,171,29,14,23,32,73,14,29,13,16,49.4,False,normal
2026-01-12,144,31,10,18,27,58,10,31,10,14,40.5,False,normal
2026-01-13,162,30,19,13,27,73,19,30,13,13,54.6,False,normal
2026-01-14,187,40,24,22,31,70,24,40,13,19,50.7,False,normal
2026-01-15,149,31,19,16,23,60,19,31,11,18,27.6,False,normal
2026-01-16,154,33,13,21,26,61,13,33,11,21,34.7,False,normal
2026-01-17,173,30,29,26,17,71,29,30,13,25,38.8,False,normal
2026-01-18,167,29,18,17,30,73,18,29,13,19,49.7,False,normal
2026-01-19,161,29,13,28,22,69,13,29,12,25,41.7,False,normal
2026-01-20,189,33,17,24,31,84,17,33,15,19,36.3,False,normal
2026-01-21,189,40,24,17,28,80,24,40,14,11,29.5,False,normal
2026-01-22,161,25,18,27,24,67,18,25,12,21,31.6,False,normal
2026-01-23,182,37,12,23,33,77,12,37,14,21,40.9,False,normal
2026-01-24,187,26,18,23,32,88,18,26,16,21,50.2,False,normal
2026-01-25,149,31,17,10,27,64,17,31,12,17,41.4,False,normal
2026-01-26,173,36,22,13,32,70,22,36,13,15,42.9,False,normal
2026-01-27,284,35,67,25,49,108,67,35,19,24,61.9,True,failed_deployment
2026-01-28,260,37,65,22,47,89,65,37,16,22,58.7,True,failed_deployment
2026-01-29,165,38,21,19,26,61,21,38,11,17,34.7,False,normal
2026-01-30,151,25,20,18,22,66,20,25,12,20,41.0,False,normal
2026-01-31,154,29,21,16,24,64,21,29,12,14,42.1,False,normal
2026-02-01,171,24,23,18,25,81,23,24,15,15,35.5,False,normal
2026-02-02,172,38,19,15,25,75,19,38,14,15,30.3,False,normal
2026-02-03,149,33,19,19,26,52,19,33,9,17,37.8,False,normal
2026-02-04,173,38,19,23,23,70,19,38,13,18,43.5,False,normal
2026-02-05,154,32,24,17,27,54,24,32,10,19,42.1,False,normal
2026-02-06,179,34,22,21,24,78,22,34,14,20,40.1,False,normal
2026-02-07,171,39,14,24,27,67,14,39,12,23,41.0,False,normal
2026-02-08,181,36,20,20,31,74,20,36,13,21,37.1,False,normal
2026-02-09,270,110,18,29,24,89,18,110,16,27,58.2,True,shipping_disruption
2026-02-10,266,114,20,23,20,89,20,114,16,26,59.0,True,shipping_disruption
2026-02-11,271,102,17,32,27,93,17,102,17,33,64.8,True,shipping_disruption
2026-02-12,287,123,17,36,16,95,17,123,17,35,41.6,True,shipping_disruption
2026-02-13,271,136,13,25,26,71,13,136,13,26,59.0,True,shipping_disruption
2026-02-14,264,111,16,26,31,80,16,111,14,30,63.0,True,shipping_disruption
2026-02-15,263,109,18,37,23,76,18,109,14,35,50.4,True,shipping_disruption
2026-02-16,281,126,22,23,33,77,22,126,14,26,71.3,True,shipping_disruption
2026-02-17,287,119,16,37,28,87,16,119,16,35,47.8,True,shipping_disruption
2026-02-18,328,153,31,31,28,85,31,153,15,31,64.9,True,shipping_disruption
2026-02-19,303,122,32,25,20,104,32,122,19,28,57.5,True,shipping_disruption
2026-02-20,152,32,21,16,24,59,21,32,11,17,45.0,False,normal
2026-02-21,170,28,23,18,33,68,23,28,12,14,47.3,False,normal
2026-02-22,140,28,16,19,22,55,16,28,10,21,48.4,False,normal
2026-02-23,164,40,24,14,24,62,24,40,11,15,33.2,False,normal
2026-02-24,164,26,25,15,22,76,25,26,14,13,47.7,False,normal
2026-02-25,148,29,18,15,24,62,18,29,11,13,50.8,False,normal
2026-02-26,169,27,19,14,27,82,19,27,15,18,53.6,False,normal
2026-02-27,155,32,15,13,27,68,15,32,12,15,49.3,False,normal
2026-02-28,148,20,15,12,25,76,15,20,14,16,39.1,False,normal
2026-03-01,172,30,20,15,30,77,20,30,14,16,44.4,False,normal
2026-03-02,168,26,29,14,25,74,29,26,13,12,43.6,False,normal
2026-03-03,162,27,11,16,39,69,11,27,12,19,43.2,False,normal
2026-03-04,160,36,16,19,28,61,16,36,11,18,45.4,False,normal
2026-03-05,160,28,12,20,29,71,12,28,13,15,51.8,False,normal
2026-03-06,150,25,18,19,25,63,18,25,11,23,47.7,False,normal
2026-03-07,162,32,20,23,23,64,20,32,12,20,46.9,False,normal
2026-03-08,145,17,7,19,24,78,7,17,14,17,41.8,False,normal
2026-03-09,154,25,23,13,32,61,23,25,11,9,50.9,False,normal
2026-03-10,150,21,22,21,27,59,22,21,11,17,33.2,False,normal
2026-03-11,165,31,16,18,26,74,16,31,13,18,46.7,False,normal
2026-03-12,164,38,15,19,23,69,15,38,12,17,37.3,False,normal
2026-03-13,185,39,26,10,29,81,26,39,15,10,17.0,False,normal
2026-03-14,141,21,13,19,29,59,13,21,11,19,31.4,False,normal
2026-03-15,172,44,21,17,20,70,21,44,13,14,37.1,False,normal
2026-03-16,183,34,22,25,20,82,22,34,15,23,46.5,False,normal
2026-03-17,174,35,26,14,24,75,26,35,14,17,50.0,False,normal
2026-03-18,178,37,16,20,32,73,16,37,13,21,37.8,False,normal
2026-03-19,159,28,16,17,23,75,16,28,14,18,50.8,False,normal
2026-03-20,187,33,21,27,28,78,21,33,14,21,45.9,False,normal
2026-03-21,180,22,19,25,31,83,19,22,15,19,34.5,False,normal
2026-03-22,169,34,29,17,24,65,29,34,12,13,27.2,False,normal
2026-03-23,142,30,16,15,22,59,16,30,11,14,41.6,False,normal
2026-03-24,174,30,23,26,28,67,23,30,12,20,39.5,False,normal
2026-03-25,143,32,16,16,27,52,16,32,9,21,39.3,False,normal
2026-03-26,176,27,16,19,35,79,16,27,14,26,33.0,False,normal
2026-03-27,170,28,18,21,26,77,18,28,14,18,38.1,False,normal
2026-03-28,169,35,15,19,30,70,15,35,13,18,49.5,False,normal
2026-03-29,178,34,16,18,35,75,16,34,14,20,36.0,False,normal
2026-03-30,164,30,20,16,27,71,20,30,13,20,36.8,False,normal
2026-03-31,181,33,19,32,28,69,19,33,12,24,47.4,False,normal
2026-04-01,167,24,18,19,33,73,18,24,13,18,46.0,False,normal
2026-04-02,206,40,23,29,28,86,23,40,15,19,49.7,False,normal
2026-04-03,187,34,27,18,25,83,27,34,15,15,32.0,False,normal
2026-04-04,180,34,20,26,27,73,20,34,13,23,27.5,False,normal
2026-04-05,158,29,16,12,29,72,16,29,13,13,35.4,False,normal
2026-04-06,155,27,17,23,27,61,17,27,11,19,49.5,False,normal
2026-04-07,146,26,13,18,29,60,13,26,11,18,37.6,False,normal
2026-04-08,178,33,18,17,18,92,18,33,17,16,47.2,False,normal
2026-04-09,175,48,19,20,27,61,19,48,11,22,35.3,False,normal
2026-04-10,181,31,17,24,24,85,17,31,15,20,42.4,False,normal
2026-04-11,170,32,18,19,25,76,18,32,14,16,45.2,False,normal
2026-04-12,145,26,18,16,29,56,18,26,10,15,36.5,False,normal
2026-04-13,162,39,23,13,30,57,23,39,10,13,26.1,False,normal
2026-04-14,414,38,145,35,73,123,145,38,22,33,56.0,True,failed_deployment
2026-04-15,385,35,117,44,83,106,117,35,19,38,60.5,True,failed_deployment
2026-04-16,439,29,141,37,90,142,141,29,26,30,69.1,True,failed_deployment
2026-04-17,384,32,128,33,88,103,128,32,19,33,61.8,True,failed_deployment
2026-04-18,383,32,129,37,79,106,129,32,19,30,60.2,True,failed_deployment
2026-04-19,163,37,28,19,19,60,28,37,11,17,42.3,False,normal
2026-04-20,139,24,10,17,18,70,10,24,13,20,45.2,False,normal
2026-04-21,175,34,26,14,29,72,26,34,13,13,34.7,False,normal
2026-04-22,149,28,13,12,26,70,13,28,13,12,36.8,False,normal
2026-04-23,171,29,13,18,29,82,13,29,15,20,34.8,False,normal
2026-04-24,180,33,14,32,33,68,14,33,12,27,21.8,False,normal
2026-04-25,158,31,15,12,27,73,15,31,13,12,38.1,False,normal
2026-04-26,171,35,16,20,27,73,16,35,13,18,30.5,False,normal
2026-04-27,149,29,19,15,26,60,19,29,11,17,55.2,False,normal
2026-04-28,154,33,21,19,23,58,21,33,10,19,53.8,False,normal
2026-04-29,156,26,19,22,25,64,19,26,12,18,29.4,False,normal
2026-04-30,174,27,14,24,24,85,14,27,15,19,40.6,False,normal
2026-05-01,175,27,22,23,40,63,22,27,11,18,47.6,False,normal
2026-05-02,162,36,17,17,21,71,17,36,13,16,40.2,False,normal
2026-05-03,172,35,17,26,26,68,17,35,12,23,40.2,False,normal
2026-05-04,143,29,12,10,30,62,12,29,11,12,45.6,False,normal
2026-05-05,160,27,24,19,26,64,24,27,12,16,47.0,False,normal
2026-05-06,167,32,15,18,35,67,15,32,12,17,53.3,False,normal
2026-05-07,173,30,19,25,19,80,19,30,14,23,54.9,False,normal
2026-05-08,183,34,27,30,26,66,27,34,12,24,40.1,False,normal
2026-05-09,161,30,17,15,17,82,17,30,15,14,54.8,False,normal
2026-05-10,167,31,13,20,29,74,13,31,13,13,40.3,False,normal
2026-05-11,156,34,14,19,38,51,14,34,9,23,45.7,False,normal
2026-05-12,162,31,24,17,29,61,24,31,11,20,49.9,False,normal
2026-05-13,148,24,19,17,30,58,19,24,10,17,44.1,False,normal
2026-05-14,167,31,26,18,30,62,26,31,11,18,33.8,False,normal
2026-05-15,166,29,22,20,21,74,22,29,13,18,37.0,False,normal
2026-05-16,177,34,21,18,27,77,21,34,14,20,36.2,False,normal
2026-05-17,151,32,12,23,30,54,12,32,10,19,49.8,False,normal
2026-05-18,152,31,17,16,24,64,17,31,12,16,45.2,False,normal
2026-05-19,162,28,15,13,25,81,15,28,15,15,41.0,False,normal
2026-05-20,191,29,23,29,24,86,23,29,32,25,48.7,True,inventory_shortage
2026-05-21,161,27,15,24,14,81,15,27,31,21,65.7,True,inventory_shortage
2026-05-22,189,35,23,20,30,81,23,35,31,19,46.7,True,inventory_shortage
2026-05-23,174,33,16,17,30,78,16,33,30,17,54.4,True,inventory_shortage
2026-05-24,183,47,17,29,15,75,17,47,30,24,67.5,True,inventory_shortage
2026-05-25,173,35,23,16,30,69,23,35,29,17,47.2,True,inventory_shortage
2026-05-26,174,24,23,14,23,90,23,24,32,14,59.7,True,inventory_shortage
2026-05-27,191,42,11,21,38,79,11,42,30,15,48.3,True,inventory_shortage
2026-05-28,166,24,16,32,27,67,16,24,28,23,65.7,True,inventory_shortage
2026-05-29,183,30,26,26,34,67,26,30,28,21,67.5,True,inventory_shortage
2026-05-30,187,38,18,23,29,79,18,38,30,21,65.8,True,inventory_shortage
2026-05-31,159,18,17,20,27,77,17,18,14,19,47.7,False,normal
2026-06-01,158,35,16,13,20,74,16,35,13,17,37.7,False,normal
2026-06-02,183,30,23,19,27,84,23,30,15,13,45.6,False,normal
2026-06-03,163,42,12,22,20,67,12,42,12,22,52.2,False,normal
2026-06-04,177,28,22,17,38,72,22,28,13,16,49.0,False,normal
2026-06-05,174,31,20,24,25,74,20,31,13,18,36.0,False,normal
2026-06-06,157,31,20,18,24,64,20,31,12,16,43.7,False,normal
2026-06-07,166,29,16,17,24,80,16,29,14,18,29.9,False,normal
2026-06-08,130,26,21,18,18,47,21,26,8,18,21.9,False,normal
2026-06-09,193,38,22,22,29,82,22,38,15,20,42.0,False,normal
2026-06-10,147,22,15,14,22,74,15,22,13,17,41.1,False,normal
2026-06-11,151,26,11,20,22,72,11,26,13,18,39.1,False,normal
2026-06-12,166,25,21,22,26,72,21,25,13,14,38.1,False,normal
2026-06-13,165,29,17,15,32,72,17,29,13,17,37.6,False,normal
2026-06-14,173,26,22,33,33,59,22,26,11,27,32.3,False,normal
2026-06-15,183,48,19,22,28,66,19,48,12,16,45.7,False,normal
2026-06-16,163,41,23,15,19,65,23,41,12,21,34.8,False,normal
2026-06-17,188,40,20,17,30,81,20,40,15,19,48.5,False,normal
2026-06-18,158,22,13,12,36,75,13,22,14,16,35.1,False,normal
2026-06-19,156,30,14,18,25,69,14,30,12,17,41.6,False,normal
2026-06-20,158,38,12,17,24,67,12,38,12,15,55.9,False,normal
2026-06-21,170,41,21,20,25,63,21,41,11,18,48.0,False,normal
2026-06-22,262,117,24,27,20,74,24,117,13,26,58.5,True,shipping_disruption
2026-06-23,222,84,16,25,16,81,16,84,15,24,47.1,True,shipping_disruption
2026-06-24,243,95,17,18,25,88,17,95,16,24,54.6,True,shipping_disruption
2026-06-25,242,92,17,26,28,79,17,92,14,25,76.4,True,shipping_disruption
2026-06-26,228,82,18,22,27,79,18,82,14,25,61.6,True,shipping_disruption
2026-06-27,269,106,21,36,23,83,21,106,15,28,52.0,True,shipping_disruption
2026-06-28,263,112,21,29,24,77,21,112,14,31,59.2,True,shipping_disruption
2026-06-29,175,32,12,21,37,73,12,32,13,23,37.2,False,normal
2026-06-30,175,34,14,30,32,65,14,34,12,24,46.7,False,normal
2026-07-01,172,39,18,18,29,68,18,39,12,18,37.9,False,normal
2026-07-02,170,25,26,16,35,68,26,25,12,13,37.2,False,normal
2026-07-03,166,28,21,16,30,71,21,28,13,18,29.5,False,normal
2026-07-04,149,32,16,21,28,52,16,32,9,20,39.1,False,normal
2026-07-05,155,25,13,18,19,80,13,25,14,20,35.3,False,normal
2026-07-06,175,27,18,22,28,80,18,27,14,19,51.1,False,normal
2026-07-07,166,22,22,21,34,67,22,22,12,18,40.5,False,normal
2026-07-08,161,28,17,14,24,78,17,28,14,19,40.1,False,normal
2026-07-09,181,30,17,23,30,81,17,30,15,20,41.2,False,normal
2026-07-10,138,31,14,11,24,58,14,31,10,12,52.8,False,normal
2026-07-11,176,37,15,21,24,79,15,37,14,17,31.8,False,normal
2026-07-12,146,29,18,10,28,61,18,29,11,13,52.0,False,normal
2026-07-13,187,33,21,21,31,81,21,33,15,15,38.3,False,normal
2026-07-14,155,24,15,13,29,74,15,24,13,15,44.4,False,normal
2026-07-15,157,29,19,19,28,62,19,29,11,22,47.3,False,normal
2026-07-16,160,29,14,12,20,85,14,29,15,13,48.3,False,normal
2026-07-17,169,31,14,19,31,74,14,31,13,21,53.2,False,normal
2026-07-18,147,27,12,20,31,57,12,27,10,15,34.2,False,normal
2026-07-19,161,30,18,18,26,69,18,30,12,18,35.4,False,normal
2026-07-20,169,33,16,24,35,61,16,33,11,20,42.9,False,normal
2026-07-21,173,24,26,17,31,75,26,24,14,15,36.1,False,normal
2026-07-22,142,27,7,23,26,59,7,27,11,17,37.3,False,normal
2026-07-23,159,31,21,24,31,52,21,31,9,22,56.3,False,normal
2026-07-24,165,29,23,20,21,72,23,29,13,16,33.4,False,normal
2026-07-25,172,35,19,22,31,65,19,35,12,18,32.6,False,normal
2026-07-26,167,24,21,14,28,80,21,24,14,13,37.4,False,normal
2026-07-27,145,27,7,15,29,67,7,27,12,18,33.1,False,normal
2026-07-28,160,31,20,17,23,69,20,31,12,18,38.5,False,normal
2026-07-29,162,39,16,14,27,66,16,39,12,15,44.9,False,normal
2026-07-30,173,25,17,21,25,85,17,25,15,19,40.3,False,normal
2026-07-31,175,25,17,29,38,66,17,25,12,21,48.6,False,normal
2026-08-01,180,33,18,16,30,83,18,33,15,14,44.1,False,normal
2026-08-02,165,27,20,24,30,64,20,27,12,24,52.3,False,normal
2026-08-03,272,32,73,25,43,99,73,32,18,23,55.9,True,failed_deployment
2026-08-04,313,36,97,27,64,89,97,36,16,27,67.2,True,failed_deployment
2026-08-05,169,24,20,24,22,79,20,24,14,19,47.9,False,normal
2026-08-06,144,28,24,14,28,50,24,28,9,10,43.2,False,normal
2026-08-07,166,35,20,14,30,67,20,35,12,19,38.1,False,normal
2026-08-08,176,26,21,21,34,74,21,26,13,17,40.7,False,normal
2026-08-09,158,33,15,22,25,63,15,33,11,18,33.7,False,normal
2026-08-10,147,22,20,15,19,71,20,22,13,16,53.1,False,normal
2026-08-11,151,27,17,22,14,71,17,27,13,19,45.7,False,normal
2026-08-12,150,20,19,17,32,62,19,20,11,14,42.0,False,normal
2026-08-13,184,37,23,28,32,64,23,37,12,23,41.1,False,normal
2026-08-14,157,21,21,11,36,68,21,21,12,11,44.8,False,normal
2026-08-15,162,32,20,17,25,68,20,32,12,18,45.6,False,normal
2026-08-16,159,26,20,14,32,67,20,26,12,12,38.1,False,normal
2026-08-17,173,30,22,10,24,87,22,30,16,12,28.5,False,normal
2026-08-18,159,26,19,13,32,69,19,26,12,15,52.4,False,normal
2026-08-19,167,34,20,18,32,63,20,34,11,20,55.3,False,normal
2026-08-20,152,25,19,18,23,67,19,25,12,21,39.2,False,normal
2026-08-21,154,33,20,8,31,62,20,33,11,11,32.3,False,normal
2026-08-22,180,28,27,19,31,75,27,28,14,21,21.8,False,normal
2026-08-23,167,34,17,13,38,65,17,34,12,16,30.8,False,normal
2026-08-24,146,25,20,20,14,67,20,25,12,19,40.3,False,normal
2026-08-25,184,47,20,16,18,83,20,47,15,14,47.8,False,normal
2026-08-26,153,26,15,19,29,64,15,26,12,15,36.8,False,normal
2026-08-27,170,36,22,15,30,67,22,36,12,16,31.4,False,normal
2026-08-28,152,29,21,11,24,67,21,29,12,16,38.8,False,normal
2026-08-29,169,25,18,27,23,76,18,25,14,20,45.2,False,normal
2026-08-30,172,26,16,25,27,78,16,26,14,21,37.5,False,normal
2026-08-31,153,31,21,18,27,56,21,31,10,12,45.5,False,normal
2026-09-01,200,38,20,21,38,83,20,38,15,19,26.5,False,normal
2026-09-02,166,42,16,15,20,73,16,42,13,15,56.3,False,normal
2026-09-03,196,37,21,28,32,78,21,37,14,24,53.3,False,normal
2026-09-04,159,40,18,16,22,63,18,40,11,16,38.6,False,normal
2026-09-05,172,31,16,22,24,79,16,31,14,21,40.1,False,normal
2026-09-06,154,22,13,20,26,73,13,22,13,20,43.0,False,normal
2026-09-07,165,33,18,18,28,68,18,33,12,21,36.2,False,normal
2026-09-08,155,24,21,13,23,74,21,24,13,18,23.4,False,normal
2026-09-09,237,30,27,30,41,109,27,30,41,26,63.5,True,inventory_shortage
2026-09-10,183,18,18,24,26,97,18,18,39,25,51.9,True,inventory_shortage
2026-09-11,188,33,22,17,30,86,22,33,37,19,73.1,True,inventory_shortage
2026-09-12,212,37,17,34,32,92,17,37,38,26,59.3,True,inventory_shortage
2026-09-13,166,34,17,19,32,64,17,34,33,22,70.8,True,inventory_shortage
2026-09-14,197,36,21,14,28,98,21,36,39,17,51.1,True,inventory_shortage
2026-09-15,165,41,10,19,25,70,10,41,34,17,56.1,True,inventory_shortage
2026-09-16,167,43,20,19,18,67,20,43,34,20,62.1,True,inventory_shortage
2026-09-17,180,24,17,21,25,93,17,24,38,23,53.9,True,inventory_shortage
2026-09-18,190,32,20,28,30,80,20,32,36,26,42.1,True,inventory_shortage
2026-09-19,180,29,15,30,22,84,15,29,37,23,65.5,True,inventory_shortage
2026-09-20,171,21,19,22,30,79,19,21,36,21,68.3,True,inventory_shortage
2026-09-21,191,42,17,24,23,85,17,42,37,20,67.3,True,inventory_shortage
2026-09-22,183,39,22,16,19,87,22,39,37,19,68.8,True,inventory_shortage
2026-09-23,173,40,15,20,25,73,15,40,35,14,54.3,True,inventory_shortage
2026-09-24,139,37,14,13,22,53,14,37,10,18,46.3,False,normal
2026-09-25,166,34,18,16,25,73,18,34,13,14,40.0,False,normal
2026-09-26,170,38,17,23,27,65,17,38,12,17,40.7,False,normal
2026-09-27,165,32,17,16,32,68,17,32,12,17,27.9,False,normal
2026-09-28,159,27,22,21,28,61,22,27,11,21,51.1,False,normal
2026-09-29,161,28,20,17,27,69,20,28,12,10,64.8,False,normal
2026-09-30,151,33,21,14,21,62,21,33,11,17,39.8,False,normal
2026-10-01,159,28,18,15,37,61,18,28,11,15,52.4,False,normal
2026-10-02,150,24,18,22,29,57,18,24,10,25,44.8,False,normal
2026-10-03,162,29,12,17,24,80,12,29,14,20,35.6,False,normal
2026-10-04,159,39,27,14,18,61,27,39,11,14,45.2,False,normal
2026-10-05,321,165,19,37,30,70,19,165,13,31,48.9,True,shipping_disruption
2026-10-06,301,146,22,23,24,86,22,146,15,27,72.9,True,shipping_disruption
2026-10-07,298,144,19,22,33,80,19,144,14,24,58.2,True,shipping_disruption
2026-10-08,292,145,18,25,25,79,18,145,14,30,55.7,True,shipping_disruption
2026-10-09,313,143,22,28,34,86,22,143,15,29,67.1,True,shipping_disruption
2026-10-10,253,126,19,23,18,67,19,126,12,26,47.1,True,shipping_disruption
2026-10-11,314,162,24,31,21,76,24,162,14,34,65.5,True,shipping_disruption
2026-10-12,310,150,10,30,28,92,10,150,17,32,64.5,True,shipping_disruption
2026-10-13,312,154,21,28,28,81,21,154,15,24,65.2,True,shipping_disruption
2026-10-14,291,148,16,27,25,75,16,148,14,29,57.4,True,shipping_disruption
2026-10-15,304,155,16,31,24,78,16,155,14,32,52.2,True,shipping_disruption
2026-10-16,312,162,14,30,22,84,14,162,15,30,47.7,True,shipping_disruption
2026-10-17,296,137,15,26,21,97,15,137,17,26,51.0,True,shipping_disruption
2026-10-18,160,35,14,19,24,68,14,35,12,18,45.3,False,normal
2026-10-19,171,34,25,19,23,70,25,34,13,17,37.3,False,normal
2026-10-20,168,34,18,18,31,67,18,34,12,17,33.3,False,normal
2026-10-21,181,29,25,20,24,83,25,29,15,18,35.7,False,normal
2026-10-22,170,33,16,18,33,70,16,33,13,18,49.9,False,normal
2026-10-23,176,40,17,20,29,70,17,40,13,20,39.9,False,normal
2026-10-24,147,22,15,18,27,65,15,22,12,17,32.4,False,normal
2026-10-25,166,32,22,15,15,82,22,32,15,13,39.7,False,normal
2026-10-26,172,25,24,17,27,79,24,25,14,14,45.5,False,normal
2026-10-27,148,33,19,18,18,60,19,33,11,16,45.7,False,normal
2026-10-28,159,34,17,24,30,54,17,34,10,21,33.3,False,normal
2026-10-29,177,30,21,17,31,78,21,30,14,19,41.1,False,normal
2026-10-30,171,30,24,19,27,71,24,30,13,15,37.5,False,normal
2026-10-31,164,30,21,19,33,61,21,30,11,17,40.7,False,normal
2026-11-01,167,23,21,22,34,67,21,23,12,17,34.0,False,normal
2026-11-02,171,43,11,33,29,55,11,43,10,25,47.1,False,normal
2026-11-03,160,33,18,25,24,60,18,33,11,19,51.9,False,normal
2026-11-04,167,40,13,20,21,73,13,40,13,16,34.8,False,normal
2026-11-05,170,37,17,22,29,65,17,37,12,17,37.9,False,normal
2026-11-06,171,38,15,22,19,77,15,38,14,20,42.6,False,normal
2026-11-07,170,21,13,25,23,88,13,21,16,21,37.0,False,normal
2026-11-08,168,37,18,16,25,72,18,37,13,14,39.7,False,normal
2026-11-09,190,31,21,19,34,85,21,31,15,19,49.1,False,normal
2026-11-10,150,27,21,16,22,64,21,27,12,19,27.0,False,normal
2026-11-11,167,38,18,19,23,69,18,38,12,20,33.8,False,normal
2026-11-12,154,24,16,17,31,66,16,24,12,14,28.9,False,normal
2026-11-13,182,32,29,19,26,76,29,32,14,18,39.8,False,normal
2026-11-14,171,30,22,18,29,72,22,30,13,21,33.1,False,normal
2026-11-15,189,32,18,28,32,79,18,32,14,26,44.8,False,normal
2026-11-16,376,42,116,39,72,107,116,42,19,31,49.9,True,failed_deployment
2026-11-17,368,32,123,26,74,113,123,32,20,29,62.1,True,failed_deployment
2026-11-18,364,37,124,34,64,105,124,37,19,29,50.9,True,failed_deployment
2026-11-19,308,29,84,29,68,98,84,29,18,26,60.8,True,failed_deployment
2026-11-20,162,29,16,20,27,70,16,29,13,16,39.8,False,normal
2026-11-21,181,32,23,29,29,68,23,32,12,22,48.1,False,normal
2026-11-22,157,28,21,24,24,60,21,28,11,20,39.7,False,normal
2026-11-23,156,42,17,23,18,56,17,42,10,20,46.8,False,normal
2026-11-24,181,40,22,17,23,79,22,40,14,18,31.1,False,normal
2026-11-25,154,35,12,16,22,69,12,35,12,23,39.2,False,normal
2026-11-26,160,28,17,18,35,62,17,28,11,19,48.0,False,normal
2026-11-27,159,26,16,13,20,84,16,26,15,14,44.0,False,normal
2026-11-28,156,30,25,21,28,52,25,30,9,19,40.3,False,normal
2026-11-29,157,31,19,20,26,61,19,31,11,23,40.8,False,normal
2026-11-30,152,20,14,27,23,68,14,20,12,22,45.4,False,normal
2026-12-01,147,30,19,15,19,64,19,30,12,14,50.0,False,normal
2026-12-02,178,38,21,17,35,67,21,38,12,14,42.6,False,normal
2026-12-03,203,47,25,18,31,82,25,47,15,14,33.0,False,normal
2026-12-04,151,35,8,17,30,61,8,35,11,12,39.3,False,normal
2026-12-05,182,35,25,26,22,74,25,35,13,16,49.8,False,normal
2026-12-06,164,26,11,24,29,74,11,26,13,15,45.1,False,normal
2026-12-07,177,34,14,17,33,79,14,34,14,19,34.5,False,normal
2026-12-08,163,28,24,25,18,68,24,28,12,20,48.5,False,normal
2026-12-09,169,43,23,20,22,61,23,43,11,16,44.4,False,normal
2026-12-10,174,33,19,17,35,70,19,33,13,14,50.6,False,normal
2026-12-11,156,29,14,18,33,62,14,29,11,16,43.7,False,normal
2026-12-12,164,33,15,25,24,67,15,33,12,23,47.1,False,normal
2026-12-13,164,35,12,18,27,72,12,35,13,21,34.3,False,normal
2026-12-14,187,36,17,22,25,87,17,36,16,17,55.9,False,normal
2026-12-15,162,35,19,18,27,63,19,35,11,15,48.4,False,normal
2026-12-16,173,40,13,19,35,66,13,40,12,16,46.8,False,normal
2026-12-17,183,39,19,20,26,79,19,39,14,20,48.2,False,normal
2026-12-18,175,27,28,18,25,77,28,27,14,17,50.0,False,normal
2026-12-19,163,28,21,20,20,74,21,28,13,16,32.3,False,normal
2026-12-20,145,28,9,23,24,61,9,28,11,18,53.2,False,normal
2026-12-21,152,42,11,18,20,61,11,42,11,16,54.2,False,normal
2026-12-22,203,49,21,22,36,75,21,49,14,21,50.9,False,normal
2026-12-23,191,30,20,28,31,82,20,30,15,23,42.6,False,normal
2026-12-24,162,33,17,22,26,64,17,33,12,18,60.1,False,normal
2026-12-25,170,42,17,19,29,63,17,42,11,12,42.2,False,normal
2026-12-26,170,25,19,21,32,73,19,25,13,18,44.4,False,normal
2026-12-27,179,30,26,24,30,69,26,30,12,23,39.5,False,normal
2026-12-28,173,27,20,19,31,76,20,27,14,19,37.0,False,normal
2026-12-29,168,36,16,21,28,67,16,36,12,20,52.9,False,normal
2026-12-30,172,36,19,11,26,80,19,36,14,15,43.7,False,normal
2026-12-31,161,47,20,17,22,55,20,47,10,12,48.8,False,normal
